SRType,Neighborhood,PoliceDistrict,CouncilDistrict,SRStatus,CreatedDate,Agency
TRS-48 Hour Parking/Abandoned Vehicle,Woodmere,Northwestern,6,Closed,1704067870000,Transportation                                    
SW-Graffiti Removal,Penn North,Western,7,Closed,1704067941000,Solid Waste                                       
TRS-48 Hour Parking/Abandoned Vehicle,Woodmere,Northwestern,6,Closed,1704068416000,Transportation                                    
TRS-48 Hour Parking/Abandoned Vehicle,Woodmere,Northwestern,6,Closed,1704069084000,Transportation                                    
ECC-Information Request,,,,Closed,1704067271000,ECC                                               
ECC-Information Request,,,,Closed,1704069043000,ECC                                               
TRS-48 Hour Parking/Abandoned Vehicle,Woodmere,Northwestern,6,Closed,1704068047000,Transportation                                    
ECC-Information Request,,,,Closed,1704067693000,ECC                                               
SW-Dirty Street,Upton,Western,11,Closed,1704067736000,Solid Waste                                       
ECC-Information Request,,,,Closed,1704067426000,ECC                                               
ECC-Information Request,,,,Closed,1704067943000,ECC                                               
TRS-48 Hour Parking/Abandoned Vehicle,Woodmere,Northwestern,6,Closed,1704067444000,Transportation                                    
ECC-Information Request,,,,Closed,1704068151000,ECC                                               
TRS-48 Hour Parking/Abandoned Vehicle,Woodmere,Northwestern,6,Closed,1704067647000,Transportation                                    
TRS-48 Hour Parking/Abandoned Vehicle,Woodmere,Northwestern,6,Closed,1704068295000,Transportation                                    
ECC-Information Request,,,,Closed,1704068389000,ECC                                               
HLTH-Animal In Danger/Injured/Abused/Neglected,Woodbourne-McCabe,Northern,4,Closed,1704068950000,Health                                            
ECC-Vehicle Look Up,Seton Hill,Central,11,Closed,1704068601000,ECC                                               
WW-Water Leak (Exterior),Harlem Park,Southwestern,9,Closed,1704068970000,Water Wastewater                                  
TRS-48 Hour Parking/Abandoned Vehicle,Woodmere,Northwestern,6,Closed,1704068707000,Transportation                                    
ECC-Information Request,,,,Closed,1704068816000,ECC                                               
ECC-Vehicle Look Up,Central Park Heights,Northern,6,Closed,1704069065000,ECC                                               
SW-Dirty Street,Woodmere,Northwestern,6,Closed,1704068852000,Solid Waste                                       
TRS-48 Hour Parking/Abandoned Vehicle,Woodmere,Northwestern,6,Closed,1704069237000,Transportation                                    
ECC-Miscellaneous Request,Ednor Gardens-Lakeside,Northeastern,14,Closed,1704069250000,ECC                                               
ECC-Information Request,,,,Closed,1704069430000,ECC                                               
HLTH-Animal Stray Held,Key Highway,Central,11,Closed,1704069620000,Health                                            
TRS-48 Hour Parking/Abandoned Vehicle,Woodmere,Northwestern,6,Closed,1704069430000,Transportation                                    
HCD-Illegal Dumping,Woodmere,Northwestern,6,Closed,1704069726000,Housing                                           
ECC-Information Request,,,,Closed,1704069471000,ECC                                               
ECC-Vehicle Look Up,Brewers Hill,Southeastern,1,Closed,1704069742000,ECC                                               
ECC-Information Request,,,,Closed,1704069520000,ECC                                               
ECC-Information Request,,,,Closed,1704069857000,ECC                                               
TTR-Vehicle Removal,Woodmere,Northwestern,6,Closed,1704069570000,Transportation                                    
ECC-Information Request,,,,Closed,1704069873000,ECC                                               
HLTH-Animal In Danger/Injured/Abused/Neglected,Druid Heights,Western,11,Closed,1704070472000,Health                                            
ECC-Information Request,,,,Closed,1704070627000,ECC                                               
SW-Dirty Street,Frankford,Northeastern,2,Closed,1704069979000,Solid Waste                                       
SW-Dirty Street,Frankford,Northeastern,2,Closed,1704070279000,Solid Waste                                       
TRM-Street Light Out,Downtown,Central,11,Closed (Duplicate),1704073437000,Transportation                                    
TRT-Sign Damaged/Sign Structure,Old Goucher,Eastern,12,Closed,1704072749000,Transportation                                    
TRM-Street Light Out,Downtown,Central,11,Closed (Duplicate),1704073532000,Transportation                                    
TRM-Street Light Out,Downtown,Central,11,Closed (Duplicate),1704073629000,Transportation                                    
TRM-Street Light Out,Downtown,Central,11,Closed (Duplicate),1704073741000,Transportation                                    
BGE-StLight(s) Out,Poppleton,Southwestern,9,Closed,1704074266000,BGE                                               
HCD-Sanitation Property,Reservoir Hill,Western,7,Closed,1704075434000,Housing                                           
BCLB-Liquor License Complaint,Washington Village/Pigtown,Southern,10,Closed,1704075463000,Liquor Board                                      
HLTH-EV Noise,Butchers Hill,Southeastern,1,Closed (Duplicate),1704075615000,Health                                            
SW-Dirty Street,Upton,Western,11,Closed,1704076088000,Solid Waste                                       
WW-Water Leak (Exterior),Chinquapin Park,Northern,4,Closed,1704076741000,Water Wastewater                                  
BGE-StLight(s) Out,,,,Closed,1704077228000,BGE                                               
TRT-Traffic Signal Repairs,Charles Village,Northern,12,Closed,1704080070000,Transportation                                    
SW-Graffiti Removal,Easterwood,Western,7,Closed,1704084776000,Solid Waste                                       
TRS-Parking Complaint,Locust Point,Southern,11,Closed,1704085885000,Transportation                                    
TRT-Traffic Signal Repairs,Madison Park,Western,11,Closed,1704086755000,Transportation                                    
TRS-48 Hour Parking/Abandoned Vehicle,Harwood,Northern,12,Closed,1704087198000,Transportation                                    
SW-Dirty Alley,Madison-Eastend,Southeastern,13,Closed,1704087422000,Solid Waste                                       
SW-Dirty Street,Sandtown-Winchester,Western,7,Closed,1704087111000,Solid Waste                                       
BCLB-Liquor License Complaint,Greektown,Southeastern,1,Closed,1704087495000,Liquor Board                                      
DPW-Calendar or Water Quality Report Request,Waverly,Northern,14,Closed,1704088978000,Public Works                                      
ECC-Information Request,,,,Closed,1704089043000,ECC                                               
ECC-Information Request,,,,Closed,1704089404000,ECC                                               
ECC-Information Request,,,,Closed,1704090562000,ECC                                               
ECC-Information Request,,,,Closed,1704089864000,ECC                                               
ECC-Information Request,,,,Closed,1704089851000,ECC                                               
ECC-Information Request,,,,Closed,1704089885000,ECC                                               
SW-Dirty Alley,Penn North,Western,7,Closed,1704090204000,Solid Waste                                       
ECC-Information Request,Darley Park,Eastern,12,Closed,1704090211000,ECC                                               
SW-Dirty Alley,Harlem Park,Western,9,Closed,1704090659000,Solid Waste                                       
ECC-Information Request,,,,Closed,1704090879000,ECC                                               
SW-Dirty Alley,Druid Heights,Western,7,Closed,1704090916000,Solid Waste                                       
SW-Dirty Street,Druid Heights,Western,7,Closed,1704091030000,Solid Waste                                       
SW-Dirty Alley,Harlem Park,Western,9,Closed,1704090938000,Solid Waste                                       
ECC-Vehicle Look Up,Central Park Heights,Northern,6,Closed,1704091056000,ECC                                               
ECC-Information Request,,,,Closed,1704090960000,ECC                                               
ECC-Information Request,,,,Closed,1704092109000,ECC                                               
ECC-Information Request,,,,Closed,1704092540000,ECC                                               
ECC-Vehicle Look Up,Baltimore Highlands,Southeastern,2,Closed,1704092928000,ECC                                               
DPW-Calendar or Water Quality Report Request,Edmondson Village,Southwestern,8,Closed,1704093845000,Public Works                                      
ECC-Information Request,,,,Closed,1704095248000,ECC                                               
ECC-Information Request,,,,Closed,1704094184000,ECC                                               
ECC-Information Request,,,,Closed,1704094220000,ECC                                               
ECC-Information Request,,,,Closed,1704094685000,ECC                                               
ECC-Information Request,,,,Closed,1704094826000,ECC                                               
ECC-Information Request,,,,Closed,1704094991000,ECC                                               
ECC-Information Request,,,,Closed,1704095039000,ECC                                               
ECC-Information Request,,,,Closed,1704095227000,ECC                                               
SW-Bulk Scheduled-Saturday,Cedonia,Northeastern,2,Closed,1704095488000,Solid Waste                                       
ECC-Information Request,,,,Closed,1704095565000,ECC                                               
ECC-Information Request,,,,Closed,1704095720000,ECC                                               
ECC-Vehicle Look Up,Mount Vernon,Central,11,Closed,1704096016000,ECC                                               
ECC-Information Request,,,,Closed,1704095999000,ECC                                               
ECC-Vehicle Look Up,Mount Vernon,Central,11,Closed,1704096259000,ECC                                               
SW-City Trash Can or Recycling Cart Lost or Stolen,Curtis Bay,Southern,10,Closed,1704096327000,Solid Waste                                       
ECC-Vehicle Look Up,Downtown West,Central,11,Closed,1704096639000,ECC                                               
ECC-Information Request,,,,Closed,1704096746000,ECC                                               
ECC-Vehicle Look Up,Fells Point,Central,1,Closed,1704096872000,ECC                                               
ECC-Information Request,,,,Closed,1704096748000,ECC                                               
ECC-Information Request,,,,Closed,1704097478000,ECC                                               
ECC-Vehicle Look Up,Franklintown,Northwestern,8,Closed,1704097744000,ECC                                               
ECC-Information Request,,,,Closed,1704097268000,ECC                                               
TRT-Sign Damaged/Sign Structure,Reisterstown Station,Northwestern,5,Closed,1704098641000,Transportation                                    
ECC-Vehicle Look Up,Mid-Town Belvedere,Central,12,Closed,1704097493000,ECC                                               
ECC-Information Request,,,,Closed,1704097250000,ECC                                               
HCD-Snow and Ice on Sidewalks,Greektown,Southeastern,1,Closed,1704100430000,Housing                                           
ECC-Information Request,,,,Closed,1704097168000,ECC                                               
ECC-Vehicle Look Up,Mid-Town Belvedere,Central,12,Closed,1704097324000,ECC                                               
ECC-Vehicle Look Up,Panway/Braddish Avenue,Western,7,Closed,1704097327000,ECC                                               
SW-Bulk Scheduled-Weekday,Patterson Park Neighborhood,Southeastern,1,Closed,1704097307000,Solid Waste                                       
ECC-Information Request,,,,Closed,1704097428000,ECC                                               
ECC-Vehicle Look Up,Federal Hill,Southern,11,Closed,1704098058000,ECC                                               
ECC-Information Request,,,,Closed,1704097500000,ECC                                               
SW-City Trash Can or Recycling Cart Concern,McElderry Park,Southeastern,13,Closed,1704097435000,Solid Waste                                       
ECC-Information Request,,,,Closed,1704097455000,ECC                                               
TRS-Parking Complaint,Federal Hill,Southern,11,Closed,1704097581000,Transportation                                    
SW-City Trash Can or Recycling Cart Concern,McElderry Park,Southeastern,13,Closed,1704097601000,Solid Waste                                       
ECC-Information Request,,,,Closed,1704099345000,ECC                                               
ECC-Information Request,,,,Closed,1704097736000,ECC                                               
ECC-Information Request,,,,Closed,1704097876000,ECC                                               
HLTH-Animal Wildlife Complaint,Stadium/Entertainment Area,Southern,10,Closed,1704097908000,Health                                            
SW-Mixed Refuse,Howard Park,Northwestern,8,Closed,1704098072000,Solid Waste                                       
TRS-Parking Complaint,Locust Point,Southern,11,Closed,1704098274000,Transportation                                    
ECC-Information Request,,,,Closed,1704098308000,ECC                                               
ECC-Information Request,,,,Closed,1704098310000,ECC                                               
ECC-Information Request,,,,Closed,1704098366000,ECC                                               
ECC-Vehicle Look Up,Canton Industrial Area,Southeastern,1,Closed,1704098693000,ECC                                               
ECC-Information Request,,,,Closed,1704098722000,ECC                                               
ECC-Vehicle Look Up,Riverside,Southern,11,Closed,1704098478000,ECC                                               
WW-Storm Flooded Street,Mount Holly,Northwestern,7,Closed,1704098751000,Water Wastewater                                  
ECC-Information Request,,,,Closed,1704098785000,ECC                                               
ECC-Information Request,,,,Closed,1704099433000,ECC                                               
SW-Dirty Street,Reisterstown Station,Northwestern,5,Closed,1704098903000,Solid Waste                                       
ECC-Vehicle Look Up,Canton Industrial Area,Southeastern,1,Closed,1704099075000,ECC                                               
ECC-Information Request,,,,Closed,1704099151000,ECC                                               
ECC-Information Request,,,,Closed,1704099170000,ECC                                               
ECC-Information Request,,,,Closed,1704099219000,ECC                                               
WW-Sewer Water In Basement,Evergreen Lawn,Western,9,Closed,1704099553000,Water Wastewater                                  
SW-Dirty Street,Beechfield,Southwestern,8,Closed,1704099475000,Solid Waste                                       
TRS-Parking Complaint,Kernewood,Northern,4,Closed,1704099480000,Transportation                                    
ECC-Information Request,Charles Village,Northern,12,Closed,1704099480000,ECC                                               
ECC-Vehicle Look Up,Seton Hill,Central,11,Closed,1704099506000,ECC                                               
ECC-Information Request,,,,Closed,1704099773000,ECC                                               
TRS-Parking Complaint,Kernewood,Northern,4,Closed,1704099783000,Transportation                                    
ECC-Information Request,,,,Closed,1704099957000,ECC                                               
SW-Graffiti Removal,Highlandtown,Southeastern,2,Closed,1704097368000,Solid Waste                                       
ECC-Vehicle Look Up,Downtown,Central,11,Closed,1704099932000,ECC                                               
ECC-Information Request,,,,Closed,1704100197000,ECC                                               
ECC-Information Request,,,,Closed,1704100337000,ECC                                               
HCD-Sanitation Property,East Arlington,Northwestern,6,Closed,1704100450000,Housing                                           
ECC-Information Request,,,,Closed,1704097775000,ECC                                               
ECC-Information Request,,,,Closed,1704101460000,ECC                                               
SW-Mixed Refuse,Coldstream Homestead Montebello,Eastern,14,Closed,1704102685000,Solid Waste                                       
SW-Dirty Street,Woodmere,Northwestern,5,Closed,1704103276000,Solid Waste                                       
ECC-Information Request,Moravia-Walther,Northeastern,3,Closed,1704104025000,ECC                                               
ECC-Information Request,,,,Closed,1704101912000,ECC                                               
TRS-Parking Complaint,South Baltimore,Southern,11,Closed,1704103005000,Transportation                                    
ECC-Information Request,,,,Closed,1704101168000,ECC                                               
ECC-Information Request,,,,Closed,1704100887000,ECC                                               
ECC-Information Request,,,,Closed,1704101480000,ECC                                               
ECC-Vehicle Look Up,Baltimore Highlands,Southeastern,2,Closed,1704100565000,ECC                                               
SW-Mechanical Street Sweeping,Shipley Hill,Southwestern,9,Closed,1704100577000,Solid Waste                                       
ECC-Information Request,,,,Closed,1704103288000,ECC                                               
HCD-Vacant Building,Franklin Square,Southwestern,9,Closed,1704103811000,Housing                                           
SW-Dirty Street,Upton,Western,11,Closed,1704100612000,Solid Waste                                       
ECC-Vehicle Look Up,Baltimore Highlands,Southeastern,2,Closed,1704101845000,ECC                                               
HLTH-Animal Unsanitary Conditions,Loch Raven,Northeastern,3,Closed,1704100696000,Health                                            
ECC-Information Request,,,,Closed,1704100936000,ECC                                               
ECC-Vehicle Look Up,Canton Industrial Area,Southeastern,1,Closed,1704101022000,ECC                                               
WW-Sewer Water In Basement,Darley Park,Eastern,14,Closed,1704101179000,Water Wastewater                                  
ECC-Information Request,,,,Closed,1704101763000,ECC                                               
ECC-Vehicle Look Up,Woodmere,Northwestern,6,Closed,1704101662000,ECC                                               
ECC-Information Request,,,,Closed,1704101349000,ECC                                               
ECC-Vehicle Look Up,Riverside,Southern,11,Closed,1704101389000,ECC                                               
HCD-Illegal Dumping,Ednor Gardens-Lakeside,Northern,14,Closed,1704101725000,Housing                                           
DPW-Calendar or Water Quality Report Request,Glen Oaks,Northeastern,4,Closed,1704102524000,Public Works                                      
ECC-Information Request,,,,Closed,1704101845000,ECC                                               
ECC-Information Request,,,,Closed,1704101938000,ECC                                               
TRS-Parking Complaint,Locust Point,Southern,11,Closed,1704101923000,Transportation                                    
ECC-Information Request,,,,Closed,1704101990000,ECC                                               
ECC-Vehicle Look Up,Baltimore Highlands,Southeastern,2,Closed,1704102668000,ECC                                               
SW-Dirty Alley,Ellwood Park/Monument,Southeastern,13,Closed,1704102126000,Solid Waste                                       
ECC-Information Request,,,,Closed,1704102076000,ECC                                               
WW-Sewer Overflow,Glen,Northwestern,5,Closed,1704102162000,Water Wastewater                                  
ECC-Information Request,Glen,Northwestern,5,Closed,1704102369000,ECC                                               
ECC-Information Request,,,,Closed,1704102242000,ECC                                               
ECC-Information Request,,,,Closed,1704102433000,ECC                                               
ECC-Vehicle Look Up,Baltimore Highlands,Southeastern,2,Closed,1704102274000,ECC                                               
ECC-Information Request,,,,Closed,1704102463000,ECC                                               
ECC-Information Request,,,,Closed,1704102483000,ECC                                               
ECC-Information Request,McElderry Park,Southeastern,13,Closed,1704102528000,ECC                                               
ECC-Information Request,,,,Closed,1704102632000,ECC                                               
ECC-Information Request,,,,Closed,1704102655000,ECC                                               
SW-Appliance (Saturday White Goods),Rosemont Homeowners/Tenants,Western,9,Closed,1704103929000,Solid Waste                                       
ECC-Information Request,,,,Closed,1704102900000,ECC                                               
ECC-Information Request,,,,Closed,1704103836000,ECC                                               
ECC-Information Request,,,,Closed,1704102747000,ECC                                               
ECC-Information Request,,,,Closed,1704102763000,ECC                                               
HCD-CCE Building Permit Complaint,Saint Josephs,Southwestern,8,Closed,1704103012000,Housing                                           
SW-Park Cans,Lakeland,Southern,10,Closed,1704103237000,Solid Waste                                       
ECC-Information Request,,,,Closed,1704103283000,ECC                                               
SW-Rat Rubout,Rosemont Homeowners/Tenants,Western,9,Closed,1704103392000,Solid Waste                                       
ECC-Information Request,,,,Closed,1704103396000,ECC                                               
ECC-Information Request,,,,Closed,1704103415000,ECC                                               
ECC-Information Request,,,,Closed,1704103423000,ECC                                               
SW-Bulk Scheduled-Weekday,Rosemont Homeowners/Tenants,Western,9,Closed,1704103558000,Solid Waste                                       
HLTH-Animal In Danger/Injured/Abused/Neglected,Four By Four,Eastern,13,Closed,1704103567000,Health                                            
TRT-Sign Damaged/Sign Structure,Lakeland,Southern,10,Closed,1704103466000,Transportation                                    
WW-Water Water In Basement,Morrell Park,Southern,10,Closed,1704103472000,Water Wastewater                                  
HLTH-Animal Inspection/Follow-up,Broadway East,Eastern,12,Closed,1704103947000,Health                                            
ECC-Information Request,,,,Closed,1704103650000,ECC                                               
ECC-Information Request,,,,Closed,1704103730000,ECC                                               
ECC-Information Request,,,,Closed,1704103766000,ECC                                               
ECC-Information Request,,,,Closed,1704103922000,ECC                                               
TRS-48 Hour Parking/Abandoned Vehicle,Locust Point,Southern,11,Closed,1704104050000,Transportation                                    
ECC-Information Request,,,,Closed,1704104056000,ECC                                               
ECC-Information Request,,,,Closed,1704104581000,ECC                                               
ECC-Information Request,,,,Closed,1704107115000,ECC                                               
HCD-Illegal Dumping,Washington Village/Pigtown,Southern,10,Closed,1704104794000,Housing                                           
ECC-Information Request,,,,Closed,1704107093000,ECC                                               
ECC-Information Request,,,,Closed,1704104882000,ECC                                               
ECC-Information Request,,,,Closed,1704105367000,ECC                                               
ECC-Information Request,Little Italy,Central,1,Closed,1704105236000,ECC                                               
ECC-Information Request,,,,Closed,1704106331000,ECC                                               
HCD-Sanitation Property,Waltherson,Northeastern,3,Closed,1704105812000,Housing                                           
ECC-Information Request,,,,Closed,1704104154000,ECC                                               
ECC-Information Request,,,,Closed,1704104364000,ECC                                               
SW-Rat Rubout,Greektown,Southeastern,1,Closed,1704104248000,Solid Waste                                       
WW-Water Leak (Exterior),West Arlington,Northwestern,6,Closed,1704107036000,Water Wastewater                                  
ECC-Information Request,,,,Closed,1704106725000,ECC                                               
SW-Dirty Street,Hamilton Hills,Northeastern,3,Closed,1704105787000,Solid Waste                                       
ECC-Information Request,,,,Closed,1704104139000,ECC                                               
SW-Appliance (Saturday White Goods),Cedonia,Northeastern,2,Closed,1704105636000,Solid Waste                                       
TRS-Parking Complaint,Mid-Town Belvedere,Central,12,Closed,1704104205000,Transportation                                    
ECC-Information Request,,,,Closed,1704106010000,ECC                                               
HCD-Illegal Dumping,Remington,Northern,12,Closed,1704104331000,Housing                                           
ECC-Information Request,,,,Closed,1704104214000,ECC                                               
SW-Dirty Alley,Sandtown-Winchester,Western,7,Closed,1704105776000,Solid Waste                                       
SW-Community Pitch-In,Ridgely's Delight,Southern,11,Closed,1704104348000,Solid Waste                                       
ECC-Information Request,,,,Closed,1704104377000,ECC                                               
ECC-Information Request,,,,Closed,1704104408000,ECC                                               
SW-Rat Rubout,Greektown,Southeastern,1,Closed,1704104411000,Solid Waste                                       
TRM-Bridge Concern,Remington,Northern,12,Closed,1704104625000,Transportation                                    
ECC-Miscellaneous Request,Ridgely's Delight,Southern,11,Closed,1704104643000,ECC                                               
ECC-Miscellaneous Request,Ridgely's Delight,Southern,11,Closed,1704104833000,ECC                                               
ECC-Information Request,,,,Closed,1704104784000,ECC                                               
HCD-Sanitation Property,Mosher,Western,9,Closed,1704104787000,Housing                                           
ECC-Information Request,Hamilton,Northeastern,2,Closed,1704104858000,ECC                                               
ECC-Information Request,,,,Closed,1704105021000,ECC                                               
TRS-48 Hour Parking/Abandoned Vehicle,Woodberry,Northern,7,Closed,1704106490000,Transportation                                    
ECC-Miscellaneous Request,Ridgely's Delight,Southern,11,Closed,1704105113000,ECC                                               
WW-Sewer Water In Basement,Glen,Northwestern,5,Closed,1704105142000,Water Wastewater                                  
ECC-Information Request,,,,Closed,1704105045000,ECC                                               
ECC-Escalation,,,,Closed,1704105067000,Water Wastewater                                  
TRS-Parking Complaint,Federal Hill,Southern,11,Closed,1704105230000,Transportation                                    
ECC-Miscellaneous Request,Ridgely's Delight,Southern,11,Closed,1704105325000,ECC                                               
WW-Sewer Misc Investigation,Remington,Northern,12,Closed,1704105545000,Water Wastewater                                  
TRT-Sign Damaged/Sign Structure,Mt Pleasant Park,Northeastern,3,Closed,1704105510000,Transportation                                    
HCD-Sanitation Property,Frankford,Northeastern,2,Closed,1704105520000,Housing                                           
HCD-Illegal Dumping,Sandtown-Winchester,Western,7,Closed,1704105648000,Housing                                           
ECC-Information Request,,,,Closed,1704105757000,ECC                                               
ECC-Information Request,,,,Closed,1704106163000,ECC                                               
WW-Water No Water,Morrell Park,Southern,10,Closed,1704105925000,Water Wastewater                                  
ECC-Information Request,,,,Closed,1704107350000,ECC                                               
WW-Storm Misc Investigation,Evergreen,Northern,6,Closed,1704106025000,Water Wastewater                                  
SW-Rat Rubout,Sandtown-Winchester,Western,7,Closed,1704106030000,Solid Waste                                       
ECC-Information Request,,,,Closed,1704106039000,ECC                                               
ECC-Information Request,,,,Closed,1704106062000,ECC                                               
ECC-Information Request,,,,Closed,1704106193000,ECC                                               
BGE-StLight(s) Out,Northwest Community Action,Northwestern,7,Closed,1704106202000,BGE                                               
ECC-Information Request,,,,Closed,1704106382000,ECC                                               
WW-Sewer Water In Basement,Sandtown-Winchester,Western,9,Closed,1704106301000,Water Wastewater                                  
WW-Water Odor/Bad Taste,,,,Closed,1704106391000,Water Wastewater                                  
HCD-Illegal Dumping,Hamilton Hills,Northeastern,3,Closed,1704106257000,Housing                                           
HCD-Sanitation Property,Perring Loch,Northeastern,3,Closed,1704107497000,Housing                                           
WW-Water Water In Basement,Madison-Eastend,Southeastern,13,Closed,1704106497000,Water Wastewater                                  
ECC-Information Request,,,,Closed,1704107143000,ECC                                               
ECC-Information Request,,,,Closed,1704106575000,ECC                                               
HCD-Sanitation Property,Northwest Community Action,Northwestern,7,Closed,1704106607000,Housing                                           
WW-Sewer Water In Basement,Belair-Edison,Eastern,13,Closed,1704106567000,Water Wastewater                                  
SW-SIU Clean Up (HCD USE ONLY),Upper Fells Point,Central,13,Closed,1704106687000,Solid Waste                                       
ECC-Information Request,Bayview,Southeastern,1,Closed,1704106691000,ECC                                               
HLTH-Animal In Danger/Injured/Abused/Neglected,Wilson Park,Northern,4,Closed,1704106839000,Health                                            
HCD-Sanitation Property,Westfield,Northeastern,3,Closed,1704106857000,Housing                                           
ECC-Information Request,,,,Closed,1704106798000,ECC                                               
TRS-48 Hour Parking/Abandoned Vehicle,Poppleton,Southwestern,9,Closed,1704106968000,Transportation                                    
ECC-Information Request,,,,Closed,1704107137000,ECC                                               
HCD-Illegal Dumping,Frankford,Northeastern,2,Closed,1704107052000,Housing                                           
WW-Sewer Water In Basement,Belair-Edison,Eastern,13,Closed,1704107172000,Water Wastewater                                  
SW-Bulk Scheduled-Weekday,Westfield,Northeastern,3,Closed,1704107113000,Solid Waste                                       
ECC-Information Request,,,,Closed,1704107255000,ECC                                               
BGE-StLight(s) Out,Northwest Community Action,Northwestern,7,Closed,1704107368000,BGE                                               
SW-Park Cans,Herring Run Park,Northeastern,3,Closed,1704107493000,Solid Waste                                       
SW-Appliance (Saturday White Goods),Central Park Heights,Northern,6,Closed,1704107600000,Solid Waste                                       
ECC-Information Request,,,,Closed,1704109777000,ECC                                               
ECC-Information Request,,,,Closed,1704109679000,ECC                                               
ECC-Information Request,,,,Closed,1704110214000,ECC                                               
ECC-Information Request,Johnston Square,Central,12,Closed,1704109128000,ECC                                               
ECC-Information Request,Central Park Heights,Northern,6,Closed,1704110008000,ECC                                               
WW-Sewer Misc Investigation,Broening Manor,Southeastern,1,Closed,1704107919000,Water Wastewater                                  
HLTH-Animal In Danger/Injured/Abused/Neglected,Bayview,Southeastern,1,Closed,1704107840000,Health                                            
WW-Sewer Water In Basement,Evergreen Lawn,Western,9,Closed,1704109881000,Water Wastewater                                  
SW-Dirty Alley,Oakenshawe,Northern,14,Closed,1704110920000,Solid Waste                                       
SW-Dirty Alley,Baltimore Highlands,Southeastern,2,Closed,1704109887000,Solid Waste                                       
ECC-Information Request,,,,Closed,1704110429000,ECC                                               
ECC-Information Request,,,,Closed,1704110075000,ECC                                               
ECC-Information Request,,,,Closed,1704110104000,ECC                                               
WW-Storm Inlet Choke,Johns Hopkins Homewood,Northern,14,Closed,1704110148000,Water Wastewater                                  
ECC-Information Request,,,,Closed,1704110217000,ECC                                               
WW-Sewer Water In Basement,Riverside,Southern,11,Closed,1704110514000,Water Wastewater                                  
SW-Dirty Alley,Ednor Gardens-Lakeside,Northeastern,14,Closed,1704110562000,Solid Waste                                       
SW-City Trash Can or Recycling Cart Concern,Carrollton Ridge,Southwestern,9,Closed,1704110641000,Solid Waste                                       
SW-City Trash Can or Recycling Cart Concern,Carrollton Ridge,Southwestern,9,Closed,1704110695000,Solid Waste                                       
ECC-Information Request,,,,Closed,1704110970000,ECC                                               
ECC-Information Request,,,,Closed,1704111024000,ECC                                               
ECC-Information Request,,,,Closed,1704111035000,ECC                                               
ECC-Information Request,,,,Closed,1704110902000,ECC                                               
SW-Dirty Alley,Harlem Park,Western,9,Closed,1704111281000,Solid Waste                                       
ECC-Information Request,,,,Closed,1704111153000,ECC                                               
ECC-Information Request,,,,Closed,1704111205000,ECC                                               
ECC-Information Request,,,,Closed,1704110877000,ECC                                               
WW-Water Leak (Exterior),,,,Closed,1704107737000,Water Wastewater                                  
SW-SIU Clean Up (HCD USE ONLY),Ellwood Park/Monument,Southeastern,13,Closed,1704107990000,Solid Waste                                       
ECC-Information Request,,,,Closed,1704109368000,ECC                                               
TRS-Parking Complaint,South Baltimore,Southern,11,Closed,1704107980000,Transportation                                    
ECC-Miscellaneous Request,Woodberry,Northern,7,Closed (Transferred),1704106490000,ECC                                               
HCD-Sanitation Property,Oakenshawe,Northern,14,Closed,1704110663000,Housing                                           
ECC-Information Request,,,,Closed,1704107730000,ECC                                               
WW-Hydrant Leaking,Gwynns Falls/Leakin Park,Northwestern,8,Closed,1704107835000,Water Wastewater                                  
TRT-Traffic Signal Repairs,Downtown West,Central,11,Closed,1704107783000,Transportation                                    
ECC-Information Request,,,,Closed,1704107935000,ECC                                               
ECC-Information Request,,,,Closed,1704107795000,ECC                                               
HCD-Illegal Dumping,Belair-Edison,Eastern,2,Closed (Duplicate),1704107801000,Housing                                           
SW-Dirty Alley,West Arlington,Northwestern,6,Closed,1704107964000,Solid Waste                                       
WW-Hydrant Leaking,Gwynns Falls/Leakin Park,Northwestern,8,Closed (Duplicate),1704108127000,Water Wastewater                                  
ECC-Information Request,,,,Closed,1704108060000,ECC                                               
ECC-Vehicle Look Up,Baltimore Highlands,Southeastern,2,Closed,1704109358000,ECC                                               
HCD-Vacant Building,Hamilton,Northeastern,2,Closed,1704108234000,Housing                                           
ECC-Information Request,,,,Closed,1704108262000,ECC                                               
ECC-Information Request,,,,Closed,1704110523000,ECC                                               
ECC-Information Request,,,,Closed,1704108401000,ECC                                               
HCD-Vacant Building,Harlem Park,Western,9,Closed,1704111124000,Housing                                           
RP-Park Maintenance,Baltimore Peninsula,Southern,11,Closed,1704109823000,Recreation & Parks                                
ECC-Information Request,,,,Closed,1704108781000,ECC                                               
SW-Leaf Collection Scheduling,Howard Park,Northwestern,8,Closed,1704108859000,Solid Waste                                       
TRS-Parking Complaint,South Baltimore,Southern,11,Closed,1704108893000,Transportation                                    
SW-Dirty Alley,Cherry Hill,Southern,10,Closed,1704108903000,Solid Waste                                       
TRS-Parking Complaint,Gay Street,Central,12,Closed,1704109145000,Transportation                                    
SW-Dirty Street,Oakenshawe,Northern,14,Closed,1704110787000,Solid Waste                                       
TRS-Parking Complaint,South Baltimore,Southern,11,Closed,1704109251000,Transportation                                    
ECC-Information Request,Waltherson,Northeastern,3,Closed,1704110219000,ECC                                               
HCD-Sanitation Property,Morrell Park,Southern,10,Closed,1704109381000,Housing                                           
ECC-Information Request,,,,Closed,1704109361000,ECC                                               
SW-Dirty Street,Morrell Park,Southern,10,Closed,1704109557000,Solid Waste                                       
ECC-Information Request,,,,Closed,1704109578000,ECC                                               
ECC-Information Request,,,,Closed,1704109584000,ECC                                               
WW-Water Leak (Exterior),,,,Closed,1704110385000,Water Wastewater                                  
ECC-Miscellaneous Request,Frankford,Northeastern,2,Closed (Transferred),1704105520000,ECC                                               
ECC-Information Request,,,,Closed,1704109720000,ECC                                               
ECC-Information Request,,,,Closed,1704109838000,ECC                                               
ECC-Information Request,Canton,Southeastern,1,Closed,1704109859000,ECC                                               
HCD-Sanitation Property,Cherry Hill,Southern,10,Closed,1704109805000,Housing                                           
TRS-Parking Complaint,Federal Hill,Southern,11,Closed,1704109871000,Transportation                                    
ECC-Information Request,,,,Closed,1704113617000,ECC                                               
SW-Dirty Street,Oakenshawe,Northern,14,Closed,1704113962000,Solid Waste                                       
HCD-Systems,Better Waverly,Northern,14,Closed,1704112183000,Housing                                           
SW-City Trash Can or Recycling Cart Concern,Sandtown-Winchester,Western,9,Closed,1704113331000,Solid Waste                                       
HCD-Sanitation Property,Waverly,Northern,14,Closed,1704112642000,Housing                                           
SW-Bulk Scheduled-Weekday,McElderry Park,Southeastern,13,Closed,1704112522000,Solid Waste                                       
HCD-Sanitation Property,Coldstream Homestead Montebello,Eastern,14,Closed,1704112407000,Housing                                           
HCD-Sanitation Property,Canton,Southeastern,1,Closed,1704112636000,Housing                                           
ECC-Miscellaneous Request,Patterson Park Neighborhood,Southeastern,1,Closed,1704111431000,ECC                                               
TRS-Parking Complaint,Evergreen,Northern,6,Closed,1704112753000,Transportation                                    
ECC-Information Request,Park Circle,Northern,6,Closed,1704111313000,ECC                                               
ECC-Information Request,,,,Closed,1704113501000,ECC                                               
HCD-Sanitation Property,Harlem Park,Western,9,Closed,1704111399000,Housing                                           
WW-Sewer Water In Basement,Callaway-Garrison,Northwestern,6,Closed,1704111441000,Water Wastewater                                  
ECC-Information Request,,,,Closed,1704113360000,ECC                                               
ECC-Information Request,,,,Closed,1704111657000,ECC                                               
DPW-Calendar or Water Quality Report Request,Brooklyn,Southern,10,Closed,1704111665000,Public Works                                      
ECC-Information Request,,,,Closed,1704114635000,ECC                                               
ECC-Information Request,,,,Closed,1704113467000,ECC                                               
HCD-Vacant Building,Broadway East,Eastern,13,Closed,1704112010000,Housing                                           
ECC-Information Request,Oakenshawe,Northern,14,Closed,1704112012000,ECC                                               
SW-Bulk Scheduled-Weekday,Lauraville,Northeastern,3,Closed,1704112152000,Solid Waste                                       
ECC-Information Request,,,,Closed,1704112079000,ECC                                               
TRC-Conduit Observation,Remington,Northern,12,Closed,1704113835000,Transportation                                    
ECC-Information Request,Towanda-Grantley,Northern,6,Closed,1704112239000,ECC                                               
SW-SIU Clean Up (HCD USE ONLY),Walbrook,Northwestern,7,Closed,1704112426000,Solid Waste                                       
ECC-Information Request,,,,Closed,1704112458000,ECC                                               
ECC-Information Request,,,,Closed,1704112333000,ECC                                               
SW-Bulk Scheduled-Weekday,Cedarcroft,Northern,4,Closed,1704112587000,Solid Waste                                       
ECC-Information Request,,,,Closed,1704112596000,ECC                                               
ECC-Escalation,Waltherson,Northeastern,3,New,1704112740000,Health                                            
HCD-Sanitation Property,Cylburn,Northern,6,Closed,1704112743000,Housing                                           
ECC-Information Request,,,,Closed,1704112697000,ECC                                               
ECC-Information Request,,,,Closed,1704112829000,ECC                                               
SW-Dirty Street,Waverly,Northern,14,Closed,1704112774000,Solid Waste                                       
ECC-Information Request,,,,Closed,1704112833000,ECC                                               
SW-Dirty Alley,Waverly,Northern,14,Closed,1704113134000,Solid Waste                                       
ECC-Information Request,,,,Closed,1704112856000,ECC                                               
SW-Community Pitch-In,Uplands,Southwestern,8,Closed,1704112858000,Solid Waste                                       
ECC-Information Request,,,,Closed,1704114007000,ECC                                               
WW-Sewer Misc Investigation,Wyndhurst,Northern,6,Closed,1704114085000,Water Wastewater                                  
SW-Dirty Alley,Abell,Northern,14,Closed,1704114295000,Solid Waste                                       
SW-Dirty Alley,Barclay,Eastern,12,Closed,1704112975000,Solid Waste                                       
ECC-Information Request,,,,Closed,1704112999000,ECC                                               
ECC-Information Request,,,,Closed,1704113171000,ECC                                               
ECC-Information Request,,,,Closed,1704113153000,ECC                                               
FIR-Fire Smoke Alarm Installation Request,Johnston Square,Central,12,Closed,1704113199000,Fire Department                                   
ECC-Information Request,,,,Closed,1704113264000,ECC                                               
ECC-Information Request,,,,Closed,1704113510000,ECC                                               
ECC-Information Request,,,,Closed,1704113304000,ECC                                               
SW-Recycling,Berea,Eastern,13,Closed,1704114474000,Solid Waste                                       
ECC-Information Request,,,,Closed,1704113476000,ECC                                               
ECC-Information Request,Hamilton,Northeastern,3,Closed,1704113317000,ECC                                               
ECC-Information Request,,,,Closed,1704113634000,ECC                                               
TRS-48 Hour Parking/Abandoned Vehicle,Coldstream Homestead Montebello,Eastern,14,Closed,1704113419000,Transportation                                    
TRT-Sign Damaged/Sign Structure,Mount Washington,Northwestern,5,Closed,1704113443000,Transportation                                    
ECC-Information Request,,,,Closed,1704113712000,ECC                                               
TRT-Sign Damaged/Sign Structure,Jones Falls Area,Northern,7,Closed,1704113742000,Transportation                                    
ECC-Information Request,,,,Closed,1704113870000,ECC                                               
ECC-Information Request,,,,Closed,1704113748000,ECC                                               
ECC-Information Request,,,,Closed,1704113773000,ECC                                               
SW-Graffiti Removal,Waverly,Northern,14,Closed,1704113874000,Solid Waste                                       
TRM-Potholes,Canton Industrial Area,Southeastern,1,Closed,1704113789000,Transportation                                    
ECC-Information Request,,,,Closed,1704113999000,ECC                                               
TRS-48 Hour Parking/Abandoned Vehicle,Westport,Southern,10,Closed,1704114057000,Transportation                                    
ECC-Information Request,,,,Closed,1704114067000,ECC                                               
ECC-Information Request,,,,Closed,1704114001000,ECC                                               
ECC-Information Request,,,,Closed,1704114148000,ECC                                               
ECC-Information Request,,,,Closed,1704114346000,ECC                                               
HCD-Sanitation Property,Irvington,Southwestern,8,Closed,1704114367000,Housing                                           
ECC-Information Request,,,,Closed,1704114185000,ECC                                               
HLTH-Animal In Danger/Injured/Abused/Neglected,Patterson Park Neighborhood,Southeastern,1,Closed,1704114394000,Health                                            
ECC-Information Request,,,,Closed,1704114269000,ECC                                               
SW-Graffiti Removal,Harwood,Northern,12,Closed,1704114444000,Solid Waste                                       
SW-Dirty Alley,Harwood,Northern,12,Closed,1704114582000,Solid Waste                                       
ECC-Information Request,,,,Closed,1704113890000,ECC                                               
ECC-Information Request,,,,Closed,1704114619000,ECC                                               
SW-Dirty Street,Harwood,Northern,12,Closed,1704114784000,Solid Waste                                       
ECC-Miscellaneous Request,Waverly,Northern,14,Closed,1704114646000,ECC                                               
MOHS-Homeless Outreach,Hollins Market,Southwestern,9,Closed,1704114786000,Mayor's Office                                    
ECC-Miscellaneous Request,Ridgely's Delight,Southern,11,Closed (Transferred),1704104348000,ECC                                               
ECC-Information Request,,,,Closed,1704114823000,ECC                                               
ECC-Information Request,,,,Closed,1704112761000,ECC                                               
ECC-Information Request,Waltherson,Northeastern,2,Closed,1704112416000,ECC                                               
ECC-Information Request,,,,Closed,1704114878000,ECC                                               
TRS-Parking Complaint,Hunting Ridge,Southwestern,8,Closed,1704114537000,Transportation                                    
HCD-Sanitation Property,Harlem Park,Western,9,Closed,1704111587000,Housing                                           
ECC-Information Request,Moravia-Walther,Northeastern,3,Closed,1704115348000,ECC                                               
ECC-Information Request,,,,Closed,1704116800000,ECC                                               
SW-Bulk Scheduled-Saturday,Patterson Park Neighborhood,Southeastern,1,Closed,1704116651000,Solid Waste                                       
HCD-Sanitation Property,Sandtown-Winchester,Western,9,Closed,1704115266000,Housing                                           
MOHS-Homeless Outreach,Fells Point,Central,1,Closed,1704115888000,Mayor's Office                                    
ECC-Information Request,,,,Closed,1704115091000,ECC                                               
SW-Bulk Scheduled-Weekday,Waltherson,Northeastern,2,Closed,1704115640000,Solid Waste                                       
ECC-Information Request,,,,Closed,1704116077000,ECC                                               
ECC-Information Request,,,,Closed,1704116954000,ECC                                               
ECC-Citizen Complaint or Concern,Milton-Montford,Southeastern,13,Closed,1704115817000,Solid Waste                                       
HCD-Sanitation Property,Reservoir Hill,Western,7,Closed,1704115035000,Housing                                           
HLTH-Animal Trapped In Vacant Building,Armistead Gardens,Eastern,2,Closed,1704117170000,Health                                            
SW-Dirty Alley,Harwood,Northern,12,Closed,1704114939000,Solid Waste                                       
ECC-Information Request,,,,Closed,1704114996000,ECC                                               
ECC-Information Request,,,,Closed,1704115043000,ECC                                               
ECC-Information Request,,,,Closed,1704115100000,ECC                                               
ECC-Information Request,,,,Closed,1704115066000,ECC                                               
HCD-Illegal Dumping,Pimlico Good Neighbors,Northwestern,6,Closed,1704115567000,Housing                                           
HLTH-Animal In Danger/Injured/Abused/Neglected,Curtis Bay,Southern,10,Closed,1704115129000,Health                                            
TRT-Traffic Calming,Upton,Western,11,Open,1704115839000,Transportation                                    
ECC-Citizen Complaint or Concern,Mount Vernon,Central,11,New,1704115196000,ECC                                               
ECC-Information Request,,,,Closed,1704115849000,ECC                                               
SW-Bulk Scheduled-Weekday,Hamilton Hills,Northeastern,3,Closed,1704116443000,Solid Waste                                       
ECC-Information Request,,,,Closed,1704115219000,ECC                                               
ECC-Information Request,,,,Closed,1704115123000,ECC                                               
TRS-Parking Complaint,Medfield,Northern,7,Closed,1704115345000,Transportation                                    
ECC-Information Request,,,,Closed,1704115237000,ECC                                               
ECC-Information Request,West Hills,Southwestern,8,Closed,1704115434000,ECC                                               
WW-Water No Water,Auchentoroly-Parkwood,Western,7,Closed,1704115250000,Water Wastewater                                  
HLTH-Animal Stray Held,New Northwood,Northeastern,4,Closed,1704115464000,Health                                            
ECC-Information Request,,,,Closed,1704115495000,ECC                                               
ECC-Information Request,,,,Closed,1704115515000,ECC                                               
TRS-Parking Complaint,Medfield,Northern,7,Closed (Duplicate),1704115551000,Transportation                                    
HCD-Vacant Building,Winchester,Western,9,Closed,1704116736000,Housing                                           
ECC-Information Request,,,,Closed,1704115671000,ECC                                               
ECC-Information Request,,,,Closed,1704115696000,ECC                                               
ECC-Information Request,,,,Closed,1704115710000,ECC                                               
ECC-Information Request,,,,Closed,1704115730000,ECC                                               
ECC-Information Request,,,,Closed,1704115783000,ECC                                               
HCD-Sanitation Property,Gwynns Falls,Southwestern,10,Closed,1704116502000,Housing                                           
SW-Dirty Alley,McElderry Park,Southeastern,13,Closed,1704115845000,Solid Waste                                       
ECC-Information Request,,,,Closed,1704115999000,ECC                                               
ECC-Information Request,,,,Closed,1704116205000,ECC                                               
HCD-Sanitation Property,CARE,Southeastern,13,Closed,1704116232000,Housing                                           
SW-City Trash Can or Recycling Cart Lost or Stolen,Milton-Montford,Southeastern,13,Closed,1704116105000,Solid Waste                                       
ECC-Information Request,,,,Closed,1704116252000,ECC                                               
ECC-Miscellaneous Request,Mount Washington,Northwestern,5,Closed (Transferred),1704113443000,ECC                                               
ECC-Miscellaneous Request,Waverly,Northern,14,Closed,1704116311000,ECC                                               
SW-SIU Clean Up (HCD USE ONLY),Gwynns Falls,Southwestern,10,Closed,1704116404000,Solid Waste                                       
ECC-Information Request,,,,Closed,1704116777000,ECC                                               
HCD-Illegal Dumping,Curtis Bay,Southern,10,Closed (Duplicate),1704116505000,Housing                                           
"HLTH-Animal Failure to Restrain Animal, Known Owner/Known Address",Graceland Park,Southeastern,1,Closed,1704116900000,Health                                            
ECC-Information Request,Lauraville,Northeastern,3,Closed,1704116614000,ECC                                               
ECC-Information Request,,,,Closed,1704116631000,ECC                                               
HCD-Sanitation Property,Cherry Hill,Southern,10,Closed (Duplicate),1704116684000,Housing                                           
SW-Bulk Scheduled-Weekday,Greektown,Southeastern,1,Closed,1704116786000,Solid Waste                                       
SW-Bulk Scheduled-Saturday,The Orchards,Northern,5,Closed,1704116874000,Solid Waste                                       
ECC-Information Request,,,,Closed,1704116921000,ECC                                               
SW-Public (Corner) Trash Can Issue,Moravia-Walther,Northeastern,3,Closed,1704117070000,Solid Waste                                       
WW-Sewer Overflow,North Roland Park/Poplar Hill,Northern,5,Closed,1704117040000,Water Wastewater                                  
TRS-Parking Complaint,Riverside,Southern,11,Closed,1704117075000,Transportation                                    
ECC-Information Request,,,,Closed,1704117082000,ECC                                               
ECC-Information Request,Ashburton,Northwestern,6,Closed,1704117053000,ECC                                               
ECC-Information Request,,,,Closed,1704117184000,ECC                                               
ECC-Information Request,,,,Closed,1704117419000,ECC                                               
ECC-Information Request,,,,Closed,1704117419000,ECC                                               
ECC-Information Request,,,,Closed,1704117444000,ECC                                               
SW-Appliance (Saturday White Goods),Westgate,Southwestern,8,Closed,1704117719000,Solid Waste                                       
ECC-Information Request,Allendale,Southwestern,8,Closed,1704117732000,ECC                                               
SW-Dirty Street,Waltherson,Northeastern,2,Closed,1704117636000,Solid Waste                                       
WW-Water Odor/Bad Taste,Cherry Hill,Southern,10,Closed,1704117653000,Water Wastewater                                  
TRS-Parking Complaint,Reservoir Hill,Western,7,Closed,1704117689000,Transportation                                    
ECC-Information Request,,,,Closed,1704117953000,ECC                                               
TRM-Potholes,Cherry Hill,Southern,10,Closed,1704118146000,Transportation                                    
ECC-Information Request,,,,Closed,1704118037000,ECC                                               
ECC-Information Request,,,,Closed,1704117875000,ECC                                               
SW-Public (Corner) Trash Can Issue,New Northwood,Northeastern,4,Closed,1704117894000,Solid Waste                                       
SW-Dirty Alley,Stonewood-Pentwood-Winston,Northeastern,3,Closed,1704118128000,Solid Waste                                       
ECC-Information Request,,,,Closed,1704118138000,ECC                                               
SW-Bulk Scheduled-Weekday,Cross Country,Northwestern,5,Closed,1704118263000,Solid Waste                                       
SW-Rat Rubout,Frankford,Northeastern,2,Closed,1704118311000,Solid Waste                                       
SW-Bulk Scheduled-Saturday,Cross Country,Northwestern,5,Closed,1704118333000,Solid Waste                                       
ECC-Information Request,,,,Closed,1704118456000,ECC                                               
HCD-Vacant Building,Patterson Park Neighborhood,Southeastern,1,Closed,1704119118000,Housing                                           
WW-Water Leak (Exterior),Rosemont East,Northeastern,2,Closed,1704118873000,Water Wastewater                                  
TRS-Parking Complaint,Canton,Southeastern,1,Closed,1704120749000,Transportation                                    
ECC-Information Request,,,,Closed,1704120802000,ECC                                               
SW-Bulk Scheduled-Weekday,Carroll-South Hilton,Southwestern,9,Closed,1704121592000,Solid Waste                                       
ECC-Information Request,,,,Closed,1704119287000,ECC                                               
ECC-Information Request,,,,Closed,1704120683000,ECC                                               
ECC-Information Request,,,,Closed,1704118887000,ECC                                               
ECC-Information Request,West Arlington,Northwestern,5,Closed,1704119547000,ECC                                               
WW-Water Water In Basement,Coldstream Homestead Montebello,Eastern,14,Closed,1704121187000,Water Wastewater                                  
HCD-Illegal Signs on Public Property,New Northwood,Northeastern,3,Open,1704119190000,Housing                                           
TRS-Parking Complaint,Morrell Park,Southern,10,Closed,1704118947000,Transportation                                    
WW-Water Turn Off (Request),Downtown,Central,11,Closed,1704118972000,Water Wastewater                                  
HCD-Illegal Dumping,Ramblewood,Northeastern,4,Closed,1704118552000,Housing                                           
ECC-Information Request,,,,Closed,1704118600000,ECC                                               
FOR-Fallen Limb,Oakenshawe,Northern,14,Closed,1704118716000,Recreation & Parks                                
ECC-Information Request,,,,Closed,1704121577000,ECC                                               
ECC-Information Request,,,,Closed,1704118861000,ECC                                               
HCD-Sanitation Property,Mosher,Western,9,Closed,1704119109000,Housing                                           
HCD-Sanitation Property,Mosher,Western,9,Closed,1704119185000,Housing                                           
SW-City Trash Can or Recycling Cart Concern,Downtown,Central,11,Closed,1704119209000,Solid Waste                                       
SW-Dirty Street,Oliver,Eastern,12,Closed,1704120556000,Solid Waste                                       
ECC-Information Request,,,,Closed,1704119213000,ECC                                               
HCD-Illegal Signs on Public Property,New Northwood,Northeastern,4,Open,1704119315000,Housing                                           
ECC-Information Request,North Harford Road,Northeastern,3,Closed,1704119289000,ECC                                               
HCD-Illegal Signs on Public Property,Woodbourne Heights,Northeastern,4,Closed,1704119424000,Housing                                           
HLTH-Animal In Danger/Injured/Abused/Neglected,Waltherson,Northeastern,3,Closed,1704119412000,Health                                            
ECC-Information Request,,,,Closed,1704121348000,ECC                                               
ECC-Information Request,,,,Closed,1704119507000,ECC                                               
TRS-48 Hour Parking/Abandoned Vehicle,Belair-Edison,Eastern,13,Closed,1704121978000,Transportation                                    
HCD-Illegal Signs on Public Property,Ramblewood,Northeastern,4,Closed,1704119548000,Housing                                           
ECC-Information Request,Howard Park,Northwestern,5,Closed,1704119640000,ECC                                               
HLTH-Animal Aggressive Animal,Druid Hill Park,Northern,7,Closed,1704119555000,Health                                            
ECC-Miscellaneous Request,Federal Hill,Southern,11,Closed,1704119648000,ECC                                               
HCD-Illegal Signs on Public Property,Ramblewood,Northeastern,4,Closed,1704119653000,Housing                                           
ECC-Information Request,,,,Closed,1704119665000,ECC                                               
ECC-Information Request,,,,Closed,1704119862000,ECC                                               
HLTH-Animal In Danger/Injured/Abused/Neglected,Cherry Hill,Southern,10,Closed,1704119765000,Health                                            
ECC-Information Request,,,,Closed,1704119829000,ECC                                               
ECC-Information Request,Patterson Park Neighborhood,Southeastern,1,Closed,1704119935000,ECC                                               
TRS-48 Hour Parking/Abandoned Vehicle,Morrell Park,Southern,10,Closed,1704119975000,Transportation                                    
SW-Dirty Street,Concerned Citizens of Forest Park,Northwestern,6,Closed,1704119954000,Solid Waste                                       
ECC-Information Request,,,,Closed,1704120044000,ECC                                               
ECC-Information Request,,,,Closed,1704120071000,ECC                                               
ECC-Information Request,Patterson Park Neighborhood,Southeastern,1,Closed,1704120074000,ECC                                               
HCD-Trees and Shrubs,Allendale,Southwestern,8,Closed,1704120399000,Housing                                           
ECC-Information Request,,,,Closed,1704120352000,ECC                                               
WW-Sewer Water In Basement,Pen Lucy,Northern,4,Closed,1704120322000,Water Wastewater                                  
ECC-Information Request,,,,Closed,1704120411000,ECC                                               
ECC-Information Request,Central Park Heights,Northern,6,Closed,1704121259000,ECC                                               
TRM-Steel Plate Complaint,Rosemont Homeowners/Tenants,Western,9,Closed,1704120438000,Transportation                                    
SW-Leaf Collection Scheduling,Walbrook,Northwestern,7,Closed,1704120460000,Solid Waste                                       
TRS-Parking Complaint,Waltherson,Northeastern,3,Closed,1704120758000,Transportation                                    
ECC-Information Request,,,,Closed,1704120784000,ECC                                               
ECC-Information Request,,,,Closed,1704120800000,ECC                                               
ECC-Vehicle Look Up,Lake Walker,Northeastern,4,Closed,1704120866000,ECC                                               
HCD-Illegal Signs on Public Property,Canton,Southeastern,1,Open,1704120969000,Housing                                           
ECC-Information Request,,,,Closed,1704120971000,ECC                                               
TRS-48 Hour Parking/Abandoned Vehicle,Belair-Edison,Eastern,13,Closed,1704122093000,Transportation                                    
ECC-Information Request,,,,Closed,1704121152000,ECC                                               
ECC-Information Request,,,,Closed,1704121307000,ECC                                               
ECC-Information Request,,,,Closed,1704121625000,ECC                                               
ECC-Information Request,,,,Closed,1704121634000,ECC                                               
ECC-Information Request,,,,Closed,1704121637000,ECC                                               
ECC-Information Request,,,,Closed,1704121639000,ECC                                               
ECC-Information Request,,,,Closed,1704121675000,ECC                                               
ECC-Information Request,,,,Closed,1704121920000,ECC                                               
ECC-Information Request,,,,Closed,1704122086000,ECC                                               
TRS-48 Hour Parking/Abandoned Vehicle,Belair-Edison,Eastern,13,Closed,1704122198000,Transportation                                    
HCD-Illegal Dumping,Berea,Eastern,13,Closed,1704123013000,Housing                                           
TRM-Street Repairs,Riverside,Southern,11,Closed,1704123839000,Transportation                                    
TRS-48 Hour Parking/Abandoned Vehicle,Auchentoroly-Parkwood,Western,7,Closed,1704123442000,Transportation                                    
ECC-Information Request,,,,Closed,1704125686000,ECC                                               
HLTH-Animal In Danger/Injured/Abused/Neglected,Baltimore Highlands,Southeastern,2,Closed,1704123817000,Health                                            
SW-Graffiti Removal,Charles North,Eastern,12,Closed,1704123414000,Solid Waste                                       
ECC-Information Request,Hamilton Hills,Northeastern,3,Closed,1704123419000,ECC                                               
ECC-Information Request,,,,Closed,1704123512000,ECC                                               
ECC-Information Request,,,,Closed,1704123663000,ECC                                               
ECC-Information Request,,,,Closed,1704123670000,ECC                                               
SW-Bulk Scheduled-Saturday,Hamilton Hills,Northeastern,3,Closed,1704123566000,Solid Waste                                       
ECC-Information Request,,,,Closed,1704123742000,ECC                                               
ECC-Information Request,,,,Closed,1704123602000,ECC                                               
SW-Dirty Alley,Brooklyn,Southern,10,Closed,1704123637000,Solid Waste                                       
ECC-Information Request,,,,Closed,1704124914000,ECC                                               
SW-Dirty Alley,Upton,Western,11,Closed,1704123823000,Solid Waste                                       
ECC-Information Request,,,,Closed,1704125540000,ECC                                               
TRS-48 Hour Parking/Abandoned Vehicle,Waltherson,Northeastern,2,Closed,1704124086000,Transportation                                    
SW-Rat Rubout,Belair-Edison,Eastern,13,Closed,1704124049000,Solid Waste                                       
ECC-Information Request,,,,Closed,1704124589000,ECC                                               
ECC-Information Request,,,,Closed,1704124072000,ECC                                               
ECC-Information Request,,,,Closed,1704124326000,ECC                                               
HCD-Illegal Dumping,Brooklyn,Southern,10,Closed (Duplicate),1704124340000,Housing                                           
ECC-Information Request,Moravia-Walther,Northeastern,3,Closed,1704124318000,ECC                                               
ECC-Information Request,,,,Closed,1704124389000,ECC                                               
ECC-Information Request,,,,Closed,1704124302000,ECC                                               
SW-Mechanical Street Sweeping,Mayfield,Northeastern,14,Closed,1704124416000,Solid Waste                                       
SW-Bulk Scheduled-Saturday,Upper Fells Point,Central,1,Closed,1704124509000,Solid Waste                                       
SW-City Trash Can or Recycling Cart Concern,Canton,Southeastern,1,Closed,1704124519000,Solid Waste                                       
ECC-Information Request,Woodbourne Heights,Northeastern,4,Closed,1704124688000,ECC                                               
SW-Bulk Scheduled-Weekday,Mayfield,Northeastern,3,Closed,1704124685000,Solid Waste                                       
TRS-48 Hour Parking/Abandoned Vehicle,Greenspring,Northern,6,Closed,1704124857000,Transportation                                    
ECC-Information Request,,,,Closed,1704124864000,ECC                                               
ECC-Information Request,Waltherson,Northeastern,3,Closed,1704124921000,ECC                                               
SW-Dirty Street,McElderry Park,Southeastern,13,Closed,1704124924000,Solid Waste                                       
SW-Bulk Scheduled-Saturday,West Arlington,Northwestern,5,Closed,1704125031000,Solid Waste                                       
HCD-Vacant Building,Frankford,Northeastern,2,Closed,1704124978000,Housing                                           
WW-Water No Water,Rosemont East,Northeastern,2,Closed,1704124988000,Water Wastewater                                  
SW-Dirty Street,Morrell Park,Southern,10,Closed,1704125276000,Solid Waste                                       
ECC-Information Request,,,,Closed,1704125359000,ECC                                               
ECC-Information Request,,,,Closed,1704125573000,ECC                                               
ECC-Information Request,,,,Closed,1704125487000,ECC                                               
WW-Sewer Misc Investigation,Mount Vernon,Central,11,Closed,1704125536000,Water Wastewater                                  
TTR-Vehicle Removal,Arcadia,Northeastern,3,Closed,1704122800000,Transportation                                    
ECC-Information Request,,,,Closed,1704125555000,ECC                                               
SW-City Trash Can or Recycling Cart Concern,Perring Loch,Northeastern,3,Closed,1704125562000,Solid Waste                                       
ECC-Information Request,,,,Closed,1704125658000,ECC                                               
SW-Community Pitch-In,Kernewood,Northern,4,Closed,1704125654000,Solid Waste                                       
MOIT-Address Validation Issue,,,,Closed,1704123427000,
TRS-Parking Complaint,Auchentoroly-Parkwood,Western,7,Closed,1704123172000,Transportation                                    
ECC-Information Request,,,,Closed,1704124870000,ECC                                               
ECC-Vehicle Look Up,Heritage Crossing,Western,11,Closed,1704122362000,ECC                                               
ECC-Information Request,,,,Closed,1704122537000,ECC                                               
ECC-Information Request,,,,Closed,1704122406000,ECC                                               
SW-Bulk Scheduled-Saturday,Orchard Ridge,Eastern,13,Closed,1704122301000,Solid Waste                                       
HCD-Illegal Dumping,Hollins Market,Southwestern,9,Closed,1704122324000,Housing                                           
ECC-Information Request,,,,Closed,1704123083000,ECC                                               
HLTH-Animal In Danger/Injured/Abused/Neglected,Harlem Park,Western,9,Closed,1704122429000,Health                                            
ECC-Information Request,,,,Closed,1704122558000,ECC                                               
ECC-Information Request,,,,Closed,1704122496000,ECC                                               
ECC-Information Request,,,,Closed,1704122656000,ECC                                               
ECC-Information Request,,,,Closed,1704123141000,ECC                                               
ECC-Information Request,,,,Closed,1704123068000,ECC                                               
ECC-Information Request,,,,Closed,1704123148000,ECC                                               
HLTH-Animal Wildlife Complaint,Montebello,Northeastern,3,Closed,1704123071000,Health                                            
TRS-48 Hour Parking/Abandoned Vehicle,Bayview,Southeastern,1,Closed,1704123192000,Transportation                                    
HLTH-Animal In Danger/Injured/Abused/Neglected,Allendale,Southwestern,8,Closed,1704123249000,Health                                            
TRT-Traffic Signal Repairs,Original Northwood,Northeastern,3,Closed,1704123267000,Transportation                                    
TRS-Parking Complaint,Fairfield Area,Southern,10,Closed,1704126740000,Transportation                                    
ECC-Information Request,,,,Closed,1704126386000,ECC                                               
SW-Dirty Street,Penn North,Western,7,Closed,1704129279000,Solid Waste                                       
ECC-Information Request,,,,Closed,1704128815000,ECC                                               
ECC-Information Request,Patterson Park Neighborhood,Southeastern,1,Closed,1704128641000,ECC                                               
ECC-Vehicle Look Up,Fallstaff,Northwestern,5,Closed,1704128903000,ECC                                               
HCD-Vacant Building,Mount Clare,Southwestern,9,Closed,1704127881000,Housing                                           
ECC-Information Request,,,,Closed,1704127886000,ECC                                               
HCD-Maintenance Structure,Coldstream Homestead Montebello,Eastern,14,Closed,1704126874000,Housing                                           
TRS-Parking Complaint,Locust Point,Southern,11,Closed,1704126660000,Transportation                                    
ECC-Information Request,Union Square,Southwestern,9,Closed,1704129006000,ECC                                               
ECC-Information Request,,,,Closed,1704126373000,ECC                                               
ECC-Information Request,,,,Closed,1704128190000,ECC                                               
HCD-Maintenance Structure,Coldstream Homestead Montebello,Eastern,14,Closed,1704128106000,Housing                                           
ECC-Information Request,,,,Closed,1704127442000,ECC                                               
ECC-Information Request,,,,Closed,1704126038000,ECC                                               
WW-Sewer Water In Basement,Ashburton,Northwestern,6,Closed,1704126209000,Water Wastewater                                  
ECC-Information Request,Reservoir Hill,Western,7,Closed,1704127748000,ECC                                               
ECC-Information Request,Graceland Park,Southeastern,1,Closed,1704127498000,ECC                                               
ECC-Information Request,,,,Closed,1704127787000,ECC                                               
SW-Graffiti Removal,Hampden,Northern,14,Closed,1704128120000,Solid Waste                                       
TRM-Potholes,Downtown,Central,11,Closed,1704126141000,Transportation                                    
HCD-Sanitation Property,Curtis Bay,Southern,10,Closed,1704125780000,Housing                                           
HCD-Systems,Charles Village,Northern,12,Closed,1704125853000,Housing                                           
SW-Bulk Scheduled-Weekday,Belair-Edison,Eastern,13,Closed,1704125801000,Solid Waste                                       
SW-Dirty Street,Edgewood,Southwestern,8,Closed,1704125889000,Solid Waste                                       
SW-Dirty Alley,Carrollton Ridge,Southwestern,9,Closed,1704128647000,Solid Waste                                       
SW-Dirty Street,Carrollton Ridge,Southwestern,9,Closed,1704128866000,Solid Waste                                       
SW-Bulk Scheduled-Weekday,Ednor Gardens-Lakeside,Northeastern,14,Closed,1704126029000,Solid Waste                                       
ECC-Information Request,,,,Closed,1704129097000,ECC                                               
ECC-Information Request,,,,Closed,1704126068000,ECC                                               
TTR-Vehicle Removal,Morrell Park,Southern,10,Closed,1704126079000,Transportation                                    
ECC-Information Request,,,,Closed,1704126866000,ECC                                               
WW-Hydrant Damaged,Ten Hills,Southwestern,8,Closed,1704126345000,Water Wastewater                                  
ECC-Information Request,,,,Closed,1704126315000,ECC                                               
ECC-Information Request,,,,Closed,1704126361000,ECC                                               
HCD-Sanitation Property,Tremont,Southwestern,8,Closed,1704126327000,Housing                                           
HCD-Sanitation Property,Tremont,Southwestern,8,Closed,1704126421000,Housing                                           
SW-Dirty Alley,Tremont,Southwestern,8,Closed,1704126494000,Solid Waste                                       
SW-Graffiti Removal,Upton,Western,11,Closed,1704127549000,Solid Waste                                       
HLTH-Animal Wildlife Complaint,Waltherson,Northeastern,3,Closed,1704128602000,Health                                            
SW-Dirty Alley,Carrollton Ridge,Southwestern,9,Closed,1704126552000,Solid Waste                                       
SW-Dirty Alley,Carrollton Ridge,Southwestern,9,Closed,1704127089000,Solid Waste                                       
SW-Dirty Alley,Carrollton Ridge,Southwestern,9,Closed (Duplicate),1704127145000,Solid Waste                                       
SW-Dirty Alley,Mount Clare,Southwestern,9,Closed,1704127633000,Solid Waste                                       
ECC-Information Request,Moravia-Walther,Northeastern,3,Closed,1704126603000,ECC                                               
SW-Dirty Alley,Carrollton Ridge,Southwestern,9,Closed (Duplicate),1704126618000,Solid Waste                                       
SW-Dirty Alley,Carrollton Ridge,Southwestern,9,Closed (Duplicate),1704126788000,Solid Waste                                       
SW-Dirty Alley,Carrollton Ridge,Southwestern,9,Closed,1704126958000,Solid Waste                                       
SW-Dirty Alley,Mount Clare,Southwestern,9,Closed,1704127206000,Solid Waste                                       
SW-Dirty Alley,Mount Clare,Southwestern,9,Closed (Duplicate),1704127263000,Solid Waste                                       
SW-Bulk Scheduled-Weekday,Perring Loch,Northeastern,3,Closed,1704126626000,Solid Waste                                       
SW-Graffiti Removal,Beechfield,Southwestern,8,Closed (Duplicate),1704128641000,Solid Waste                                       
ECC-Information Request,,,,Closed,1704128823000,ECC                                               
ECC-Information Request,,,,Closed,1704127132000,ECC                                               
SW-Dirty Alley,Carrollton Ridge,Southwestern,9,Closed,1704126732000,Solid Waste                                       
SW-Dirty Alley,Carrollton Ridge,Southwestern,9,Closed,1704126845000,Solid Waste                                       
SW-Dirty Alley,Carrollton Ridge,Southwestern,9,Closed (Duplicate),1704126899000,Solid Waste                                       
SW-Dirty Alley,Union Square,Southwestern,9,Closed,1704127421000,Solid Waste                                       
SW-Dirty Alley,Union Square,Southwestern,9,Closed (Duplicate),1704127470000,Solid Waste                                       
ECC-Information Request,,,,Closed,1704126772000,ECC                                               
ECC-Information Request,,,,Closed,1704127776000,ECC                                               
ECC-Information Request,,,,Closed,1704126824000,ECC                                               
WW-Sewer Water In Basement,Ednor Gardens-Lakeside,Northeastern,14,Closed,1704128138000,Water Wastewater                                  
ECC-Information Request,,,,Closed,1704126847000,ECC                                               
ECC-Information Request,Westfield,Northeastern,3,Closed,1704127009000,ECC                                               
SW-Dirty Alley,Carrollton Ridge,Southwestern,9,Closed (Duplicate),1704127012000,Solid Waste                                       
SW-Dirty Alley,Carrollton Ridge,Southwestern,9,Closed,1704127315000,Solid Waste                                       
SW-Dirty Alley,Mount Clare,Southwestern,9,Closed (Duplicate),1704128179000,Solid Waste                                       
SW-Dirty Alley,Mount Clare,Southwestern,9,Closed (Duplicate),1704128280000,Solid Waste                                       
SW-Dirty Street,Carrollton Ridge,Southwestern,9,Closed,1704128377000,Solid Waste                                       
ECC-Information Request,Dolfield,Northwestern,6,Closed,1704127095000,ECC                                               
HCD-Illegal Dumping,Locust Point,Southern,11,Closed,1704127112000,Housing                                           
ECC-Information Request,Waltherson,Northeastern,3,Closed,1704127215000,ECC                                               
SW-Dirty Alley,Carrollton Ridge,Southwestern,9,Closed (Duplicate),1704127370000,Solid Waste                                       
SW-Dirty Alley,Mount Clare,Southwestern,9,Closed (Duplicate),1704127578000,Solid Waste                                       
SW-Dirty Street,Mount Clare,Southwestern,9,Closed,1704128328000,Solid Waste                                       
ECC-Information Request,,,,Closed,1704128412000,ECC                                               
SW-Dirty Alley,Mount Clare,Southwestern,9,Closed,1704127522000,Solid Waste                                       
SW-Dirty Alley,Mount Clare,Southwestern,9,Closed (Duplicate),1704127684000,Solid Waste                                       
SW-Dirty Alley,Mount Clare,Southwestern,9,Closed (Duplicate),1704127814000,Solid Waste                                       
ECC-Information Request,,,,Closed,1704127721000,ECC                                               
SW-Dirty Alley,Carrollton Ridge,Southwestern,9,Closed (Duplicate),1704128065000,Solid Waste                                       
SW-Bulk Scheduled-Weekday,Idlewood,Northeastern,4,Closed,1704127642000,Solid Waste                                       
ECC-Information Request,Glen,Northwestern,5,Closed,1704125967000,ECC                                               
SW-Dirty Alley,Carrollton Ridge,Southwestern,9,Closed,1704127901000,Solid Waste                                       
ECC-Information Request,,,,Closed,1704127726000,ECC                                               
SW-Dirty Alley,Mount Clare,Southwestern,9,Closed,1704128126000,Solid Waste                                       
SW-Dirty Alley,Carrollton Ridge,Southwestern,9,Closed (Duplicate),1704128699000,Solid Waste                                       
SW-Dirty Street,Hollins Market,Southwestern,9,Closed,1704129006000,Solid Waste                                       
ECC-Information Request,Broening Manor,Southeastern,1,Closed,1704127761000,ECC                                               
ECC-Information Request,,,,Closed,1704127852000,ECC                                               
ECC-Information Request,,,,Closed,1704127746000,ECC                                               
SW-Dirty Alley,Mount Clare,Southwestern,9,Closed,1704127752000,Solid Waste                                       
SW-Dirty Street,Upton,Western,11,Closed,1704127876000,Solid Waste                                       
SW-Dirty Alley,Carrollton Ridge,Southwestern,9,Closed (Duplicate),1704127949000,Solid Waste                                       
SW-Dirty Street,Union Square,Southwestern,9,Closed,1704129209000,Solid Waste                                       
FOR-Tree Inspection,Idlewood,Northeastern,4,Closed,1704127922000,Recreation & Parks                                
SW-Bulk Scheduled-Saturday,Hamilton Hills,Northeastern,3,Closed,1704127960000,Solid Waste                                       
ECC-Information Request,,,,Closed,1704127961000,ECC                                               
SW-Dirty Alley,Brooklyn,Southern,10,Closed,1704127935000,Solid Waste                                       
SW-Dirty Alley,Carrollton Ridge,Southwestern,9,Closed,1704128011000,Solid Waste                                       
SW-Dirty Alley,Brooklyn,Southern,10,Closed,1704128016000,Solid Waste                                       
SW-Dirty Alley,Mount Clare,Southwestern,9,Closed,1704128231000,Solid Waste                                       
SW-Dirty Street,Carrollton Ridge,Southwestern,9,Closed,1704128425000,Solid Waste                                       
SW-Dirty Alley,Carrollton Ridge,Southwestern,9,Closed (Duplicate),1704128597000,Solid Waste                                       
HCD-Systems,Brooklyn,Southern,10,Closed,1704128395000,Housing                                           
SW-Dirty Alley,Brooklyn,Southern,10,Closed,1704128366000,Solid Waste                                       
ECC-Information Request,,,,Closed,1704128422000,ECC                                               
ECC-Information Request,,,,Closed,1704128383000,ECC                                               
SW-Dirty Alley,Mount Clare,Southwestern,9,Closed,1704128476000,Solid Waste                                       
SW-Dirty Alley,Carrollton Ridge,Southwestern,9,Closed,1704128544000,Solid Waste                                       
SW-Dirty Alley,Carrollton Ridge,Southwestern,9,Closed,1704128754000,Solid Waste                                       
SW-Dirty Alley,Carrollton Ridge,Southwestern,9,Closed (Duplicate),1704128810000,Solid Waste                                       
ECC-Information Request,,,,Closed,1704128716000,ECC                                               
TRT-Sign Damaged/Sign Structure,Harlem Park,Western,9,Closed,1704128729000,Transportation                                    
ECC-Information Request,,,,Closed,1704128766000,ECC                                               
SW-Graffiti Removal,Hampden,Northern,14,Closed,1704128538000,Solid Waste                                       
SW-Graffiti Removal,Baltimore Highlands,Southeastern,2,Closed,1704128791000,Solid Waste                                       
ECC-Information Request,,,,Closed,1704128819000,ECC                                               
SW-Graffiti Removal,Upton,Western,11,Closed,1704128877000,Solid Waste                                       
ECC-Information Request,,,,Closed,1704128899000,ECC                                               
SW-Dirty Street,Carrollton Ridge,Southwestern,9,Closed,1704128912000,Solid Waste                                       
SW-Dirty Street,Hollins Market,Southwestern,9,Closed,1704128959000,Solid Waste                                       
SW-Dirty Street,Hollins Market,Southwestern,9,Closed,1704129072000,Solid Waste                                       
SW-Dirty Street,Union Square,Southwestern,9,Closed,1704129115000,Solid Waste                                       
SW-Dirty Street,Penn North,Western,7,Closed (Duplicate),1704129014000,Solid Waste                                       
ECC-Information Request,,,,Closed,1704129033000,ECC                                               
SW-Graffiti Removal,Hampden,Northern,7,Closed,1704128972000,Solid Waste                                       
ECC-Information Request,,,,Closed,1704129039000,ECC                                               
SW-Dirty Street,Union Square,Southwestern,9,Closed,1704129254000,Solid Waste                                       
SW-Dirty Street,Union Square,Southwestern,9,Closed,1704129304000,Solid Waste                                       
SW-Dirty Street,Union Square,Southwestern,9,Closed,1704129160000,Solid Waste                                       
ECC-Information Request,,,,Closed,1704129519000,ECC                                               
ECC-Information Request,,,,Closed,1704130625000,ECC                                               
ECC-Information Request,,,,Closed,1704129710000,ECC                                               
SW-Bulk Scheduled-Weekday,Evergreen,Northern,6,Closed,1704130056000,Solid Waste                                       
SW-Graffiti Removal,Hampden,Northern,7,Closed,1704129519000,Solid Waste                                       
ECC-Information Request,,,,Closed,1704129334000,ECC                                               
HCD-Illegal Dumping,Bridgeview/Greenlawn,Western,9,Closed,1704129787000,Housing                                           
RP-Park Maintenance,Central Park Heights,Northern,6,Closed,1704130990000,Recreation & Parks                                
ECC-Information Request,,,,Closed,1704129376000,ECC                                               
SW-Dirty Street,Carrollton Ridge,Southwestern,9,Closed,1704129349000,Solid Waste                                       
ECC-Information Request,,,,Closed,1704131597000,ECC                                               
ECC-Information Request,,,,Closed,1704130724000,ECC                                               
SW-Dirty Street,Mosher,Western,9,Closed (Duplicate),1704131349000,Solid Waste                                       
SW-Dirty Street,West Arlington,Northwestern,6,Closed (Duplicate),1704130588000,Solid Waste                                       
SW-Community Pitch-In,Mount Washington,Northwestern,5,Closed,1704131143000,Solid Waste                                       
ECC-Information Request,,,,Closed,1704129524000,ECC                                               
HCD-Sanitation Property,Arlington,Northwestern,5,Closed,1704130076000,Housing                                           
SW-SIU Clean Up (HCD USE ONLY),Coppin Heights/Ash-Co-East,Western,7,Closed,1704131114000,Solid Waste                                       
HCD-Sanitation Property,Coppin Heights/Ash-Co-East,Western,7,Closed,1704131575000,Housing                                           
TRS-48 Hour Parking/Abandoned Vehicle,East Baltimore Midway,Eastern,12,Closed,1704131557000,Transportation                                    
ECC-Information Request,,,,Closed,1704131729000,ECC                                               
ECC-Information Request,,,,Closed,1704130644000,ECC                                               
HCD-Sanitation Property,Forest Park,Northwestern,7,Closed,1704132132000,Housing                                           
SW-Dirty Street,Carrollton Ridge,Southwestern,9,Closed,1704129452000,Solid Waste                                       
SW-Dirty Street,Carrollton Ridge,Southwestern,9,Closed,1704129494000,Solid Waste                                       
SW-Dirty Street,Carrollton Ridge,Southwestern,9,Closed,1704129582000,Solid Waste                                       
SW-Dirty Alley,Coppin Heights/Ash-Co-East,Western,7,Closed,1704131290000,Solid Waste                                       
ECC-Information Request,,,,Closed,1704130330000,ECC                                               
SW-Dirty Street,Carrollton Ridge,Southwestern,9,Closed,1704129538000,Solid Waste                                       
ECC-Information Request,,,,Closed,1704130721000,ECC                                               
SW-Dirty Street,Carrollton Ridge,Southwestern,9,Closed,1704129727000,Solid Waste                                       
ECC-Information Request,,,,Closed,1704129331000,ECC                                               
ECC-Information Request,,,,Closed,1704129401000,ECC                                               
ECC-Information Request,,,,Closed,1704129347000,ECC                                               
SW-Dirty Street,Carrollton Ridge,Southwestern,9,Closed,1704129405000,Solid Waste                                       
ECC-Information Request,,,,Closed,1704129352000,ECC                                               
ECC-Information Request,,,,Closed,1704129411000,ECC                                               
ECC-Information Request,,,,Closed,1704129363000,ECC                                               
ECC-Information Request,,,,Closed,1704129389000,ECC                                               
WW-Sewer Water In Basement,Hamilton Hills,Northeastern,3,Closed,1704129394000,Water Wastewater                                  
SW-SIU Clean Up (HCD USE ONLY),Sandtown-Winchester,Western,7,Closed,1704129480000,Solid Waste                                       
ECC-Information Request,,,,Closed,1704129716000,ECC                                               
ECC-Information Request,Harwood,Northern,12,Closed,1704129606000,ECC                                               
SW-Bulk Scheduled-Weekday,Rognel Heights,Southwestern,8,Closed,1704129723000,Solid Waste                                       
SW-Dirty Street,Carrollton Ridge,Southwestern,9,Closed,1704129633000,Solid Waste                                       
ECC-Miscellaneous Request,Idlewood,Northeastern,4,Closed (Transferred),1704127922000,ECC                                               
SW-Dirty Street,Carrollton Ridge,Southwestern,9,Closed,1704129682000,Solid Waste                                       
ECC-Information Request,,,,Closed,1704129747000,ECC                                               
SW-Dirty Street,Carrollton Ridge,Southwestern,9,Closed,1704129782000,Solid Waste                                       
SW-Dirty Street,Carrollton Ridge,Southwestern,9,Closed,1704129875000,Solid Waste                                       
ECC-Information Request,,,,Closed,1704129879000,ECC                                               
ECC-Information Request,,,,Closed,1704129836000,ECC                                               
ECC-Information Request,,,,Closed,1704129871000,ECC                                               
ECC-Information Request,,,,Closed,1704130198000,ECC                                               
ECC-Information Request,,,,Closed,1704130203000,ECC                                               
ECC-Information Request,,,,Closed,1704130290000,ECC                                               
HCD-Maintenance Structure,East Baltimore Midway,Eastern,12,Closed,1704130460000,Housing                                           
SW-Dirty Street,Franklintown Road,Western,9,Closed,1704130470000,Solid Waste                                       
ECC-Information Request,,,,Closed,1704130522000,ECC                                               
TRM-Street Light Out,Canton,Southeastern,1,Closed,1704130712000,Transportation                                    
SW-Dirty Street,Mosher,Western,9,Closed (Duplicate),1704130549000,Solid Waste                                       
ECC-Information Request,Highlandtown,Southeastern,1,Closed,1704130591000,ECC                                               
ECC-Information Request,,,,Closed,1704130798000,ECC                                               
ECC-Information Request,,,,Closed,1704130859000,ECC                                               
ECC-Information Request,,,,Closed,1704130881000,ECC                                               
ECC-Information Request,,,,Closed,1704130907000,ECC                                               
BGE-StLight(s) Out,Hamilton,Northeastern,3,Closed,1704130937000,BGE                                               
ECC-Information Request,,,,Closed,1704131143000,ECC                                               
HCD-Animals,Sandtown-Winchester,Western,9,Closed,1704131147000,Housing                                           
SW-Dirty Alley,Mosher,Western,9,Closed,1704131463000,Solid Waste                                       
ECC-Information Request,,,,Closed,1704132012000,ECC                                               
ECC-Information Request,,,,Closed,1704131149000,ECC                                               
TRS-Parking Complaint,Forest Park,Northwestern,7,Closed,1704131410000,Transportation                                    
ECC-Information Request,,,,Closed,1704131455000,ECC                                               
SW-Dirty Street,Winchester,Western,9,Closed,1704131253000,Solid Waste                                       
SW-Mixed Refuse,Carrollton Ridge,Southwestern,9,Closed,1704131491000,Solid Waste                                       
ECC-Escalation,Rosemont East,Northeastern,2,Closed,1704131515000,Water Wastewater                                  
HLTH-Animal In Danger/Injured/Abused/Neglected,Cedonia,Northeastern,2,Closed,1704131936000,Health                                            
ECC-Information Request,Woodmere,Northwestern,5,Closed,1704132098000,ECC                                               
TRM-Street Light Out,Canton,Southeastern,1,Closed,1704132260000,Transportation                                    
ECC-Information Request,South Clifton Park,Eastern,12,Closed,1704132552000,ECC                                               
ECC-Information Request,,,,Closed,1704132308000,ECC                                               
ECC-Information Request,,,,Closed,1704132620000,ECC                                               
ECC-Information Request,,,,Closed,1704133832000,ECC                                               
ECC-Information Request,,,,Closed,1704134439000,ECC                                               
ECC-Information Request,,,,Closed,1704133198000,ECC                                               
HLTH-Animal In Danger/Injured/Abused/Neglected,Panway/Braddish Avenue,Western,7,Closed,1704132954000,Health                                            
ECC-Information Request,Grove Park,Northwestern,5,Closed,1704134797000,ECC                                               
ECC-Information Request,,,,Closed,1704133284000,ECC                                               
BGE-StLight(s) Out,,,,Closed,1704135671000,BGE                                               
SW-Dirty Street,East Baltimore Midway,Eastern,12,Closed,1704133757000,Solid Waste                                       
ECC-Information Request,,,,Closed,1704133633000,ECC                                               
ECC-Information Request,,,,Closed,1704135613000,ECC                                               
TRM-Street Light Out,Canton,Southeastern,1,Closed,1704135901000,Transportation                                    
ECC-Community Pitch-In,Uplands,Southwestern,8,Closed (Transferred),1704112858000,ECC                                               
ECC-Information Request,,,,Closed,1704133979000,ECC                                               
ECC-Community Pitch-In,Ridgely's Delight,Southern,11,Closed (Transferred),1704104348000,ECC                                               
ECC-Information Request,,,,Closed,1704133150000,ECC                                               
ECC-Information Request,,,,Closed,1704133254000,ECC                                               
SW-Bulk Scheduled-Saturday,Canton,Southeastern,1,Closed,1704133177000,Solid Waste                                       
ECC-Information Request,,,,Closed,1704133177000,ECC                                               
ECC-Information Request,,,,Closed,1704133445000,ECC                                               
ECC-Information Request,,,,Closed,1704133424000,ECC                                               
SW-Dirty Alley,Greektown,Southeastern,1,Closed,1704133425000,Solid Waste                                       
ECC-Information Request,,,,Closed,1704134313000,ECC                                               
SW-City Trash Can or Recycling Cart Concern,Belair-Edison,Eastern,13,Closed,1704134571000,Solid Waste                                       
ECC-Information Request,,,,Closed,1704133511000,ECC                                               
ECC-Information Request,,,,Closed,1704134527000,ECC                                               
SW-Community Pitch-In,Ridgely's Delight,Southern,11,Closed,1704133650000,Solid Waste                                       
SW-Dirty Alley,Penn North,Western,7,Closed (Duplicate),1704134209000,Solid Waste                                       
SW-Dirty Street,Midtown-Edmondson,Western,9,Closed,1704133671000,Solid Waste                                       
ECC-Information Request,,,,Closed,1704133712000,ECC                                               
ECC-Information Request,,,,Closed,1704134030000,ECC                                               
SW-Community Pitch-In,Ridgely's Delight,Southern,11,Closed,1704133714000,Solid Waste                                       
SW-Community Pitch-In,Ridgely's Delight,Southern,11,Closed,1704133766000,Solid Waste                                       
ECC-Information Request,,,,Closed,1704133864000,ECC                                               
ECC-Information Request,Belair-Parkside,Northeastern,3,Closed,1704135733000,ECC                                               
SW-Dirty Alley,Penn North,Western,7,Closed,1704133972000,Solid Waste                                       
SW-Dirty Alley,East Baltimore Midway,Eastern,12,Closed,1704133920000,Solid Waste                                       
SW-Community Pitch-In,Uplands,Southwestern,8,Closed,1704134031000,Solid Waste                                       
HLTH-Animal Dead Animal Pickup-Wildlife or Stray,Sabina-Mattfeldt,Northern,5,Closed,1704134038000,Health                                            
SW-Bulk Scheduled-Weekday,Panway/Braddish Avenue,Western,7,Closed,1704134196000,Solid Waste                                       
HCD-Maintenance Structure,Forest Park,Northwestern,6,Closed,1704134044000,Housing                                           
ECC-Information Request,Upton,Western,11,Closed,1704134229000,ECC                                               
ECC-Information Request,,,,Closed,1704134070000,ECC                                               
SW-Public (Corner) Trash Can Issue,Washington Village/Pigtown,Southern,10,Closed,1704134246000,Solid Waste                                       
SW-Community Pitch-In,Uplands,Southwestern,8,Closed,1704134115000,Solid Waste                                       
SW-Dirty Alley,Midtown-Edmondson,Western,9,Closed,1704134183000,Solid Waste                                       
ECC-Information Request,,,,Closed,1704134192000,ECC                                               
ECC-Information Request,,,,Closed,1704135819000,ECC                                               
HCD-Sanitation Property,Sandtown-Winchester,Western,9,Closed,1704134423000,Housing                                           
BGE-StLight(s) Out,,,,Closed,1704134565000,BGE                                               
BGE-StLight(s) Out,,,,Closed,1704134704000,BGE                                               
SW-City Trash Can or Recycling Cart Concern,Belair-Edison,Eastern,13,Closed,1704134606000,Solid Waste                                       
ECC-Information Request,,,,Closed,1704134898000,ECC                                               
ECC-Information Request,,,,Closed,1704134912000,ECC                                               
ECC-Information Request,,,,Closed,1704134854000,ECC                                               
SW-Dirty Street,Central Park Heights,Northern,6,Closed,1704134870000,Solid Waste                                       
SW-Dirty Street,Parklane,Northern,6,Closed,1704135591000,Solid Waste                                       
ECC-Community Pitch-In,Kernewood,Northern,4,Closed (Transferred),1704125654000,ECC                                               
ECC-Information Request,,,,Closed,1704135043000,ECC                                               
BGE-StLight(s) Out,Remington,Northern,12,Closed,1704135054000,BGE                                               
ECC-Information Request,,,,Closed,1704135058000,ECC                                               
SW-SIU Clean Up (HCD USE ONLY),Sandtown-Winchester,Western,9,Closed,1704135066000,Solid Waste                                       
SW-Community Pitch-In,Kernewood,Northern,4,Closed,1704135205000,Solid Waste                                       
SW-Community Pitch-In,Kernewood,Northern,4,Closed,1704135147000,Solid Waste                                       
ECC-Information Request,,,,Closed,1704135175000,ECC                                               
HCD-Abandoned Vehicle,Central Park Heights,Northern,6,Closed,1704135316000,Housing                                           
ECC-Information Request,,,,Closed,1704135342000,ECC                                               
WW-Storm Damaged Inlet,Broadway East,Eastern,12,Closed,1704135485000,Water Wastewater                                  
SW-Dirty Alley,Penn North,Western,7,Closed,1704135639000,Solid Waste                                       
ECC-Information Request,,,,Closed,1704135767000,ECC                                               
SW-Dirty Street,Penn North,Western,7,Closed (Duplicate),1704135831000,Solid Waste                                       
SW-Cleaning,Carrollton Ridge,Southwestern,9,Closed,1704135833000,Solid Waste                                       
SW-Bulk Scheduled-Weekday,Greektown,Southeastern,1,Closed,1704136223000,Solid Waste                                       
ECC-Information Request,,,,Closed,1704136468000,ECC                                               
HCD-Illegal Dumping,Central Park Heights,Northern,6,Closed,1704136254000,Housing                                           
ECC-Information Request,,,,Closed,1704138153000,ECC                                               
ECC-Information Request,North Harford Road,Northeastern,3,Closed,1704139991000,ECC                                               
TRM-Street Light Out,Canton,Southeastern,1,Closed,1704136524000,Transportation                                    
SW-Dirty Alley,Central Park Heights,Northern,6,Closed,1704137074000,Solid Waste                                       
BGE-StLight(s) Out,Hampden,Northern,14,Closed,1704137142000,BGE                                               
SW-Bulk Scheduled-Weekday,Glen,Northwestern,5,Closed,1704137039000,Solid Waste                                       
SW-City Trash Can or Recycling Cart Lost or Stolen,McElderry Park,Southeastern,13,Closed,1704137182000,Solid Waste                                       
ECC-Information Request,,,,Closed,1704137520000,ECC                                               
ECC-Information Request,,,,Closed,1704137666000,ECC                                               
ECC-Information Request,,,,Closed,1704137599000,ECC                                               
HCD-Vacant Building,Charles North,Eastern,12,Closed,1704137681000,Housing                                           
ECC-Information Request,,,,Closed,1704137645000,ECC                                               
ECC-Information Request,,,,Closed,1704137655000,ECC                                               
BGE-StLight(s) Out,Hampden,Northern,14,Closed,1704137744000,BGE                                               
ECC-Information Request,,,,Closed,1704137678000,ECC                                               
ECC-Information Request,Cedonia,Northeastern,2,Closed,1704137750000,ECC                                               
SW-Cleaning,Carrollton Ridge,Southwestern,9,Closed,1704137942000,Solid Waste                                       
SW-Boarding,Carrollton Ridge,Southwestern,9,Closed,1704137951000,Solid Waste                                       
ECC-Information Request,,,,Closed,1704138323000,ECC                                               
SW-Bulk Scheduled-Saturday,Evesham Park,Northeastern,4,Closed,1704138157000,Solid Waste                                       
ECC-Information Request,,,,Closed,1704138413000,ECC                                               
ECC-Information Request,New Northwood,Northeastern,4,Closed,1704138433000,ECC                                               
SW-Bulk Scheduled-Weekday,South Baltimore,Southern,11,Closed,1704138493000,Solid Waste                                       
ECC-Information Request,,,,Closed,1704138795000,ECC                                               
SW-Dirty Street,McElderry Park,Southeastern,13,Closed,1704138881000,Solid Waste                                       
ECC-Information Request,,,,Closed,1704138892000,ECC                                               
ECC-Information Request,,,,Closed,1704138968000,ECC                                               
SW-Appliance (Saturday White Goods),Guilford,Northern,14,Closed,1704139014000,Solid Waste                                       
HLTH-Animal Dead Animal Pickup-Wildlife or Stray,Penrose/Fayette Street Outreach,Southwestern,9,Closed,1704139073000,Health                                            
ECC-Information Request,,,,Closed,1704139686000,ECC                                               
ECC-Information Request,,,,Closed,1704139413000,ECC                                               
ECC-Information Request,,,,Closed,1704139445000,ECC                                               
ECC-Information Request,,,,Closed,1704139966000,ECC                                               
TRS-Parking Complaint,Waltherson,Northeastern,3,Closed,1704140082000,Transportation                                    
ECC-Vehicle Look Up,Seton Business Park,Northwestern,5,Closed,1704137988000,ECC                                               
HCD-Vacant Building,Mount Clare,Southwestern,9,Closed,1704137734000,Housing                                           
HLTH-Animal In Danger/Injured/Abused/Neglected,Washington Village/Pigtown,Southern,10,Closed,1704136514000,Health                                            
ECC-Information Request,,,,Closed,1704136528000,ECC                                               
ECC-Information Request,,,,Closed,1704136646000,ECC                                               
SW-Bulk Scheduled-Saturday,Evesham Park,Northeastern,4,Closed,1704138347000,Solid Waste                                       
SW-Dirty Street,Charles Village,Northern,14,Closed,1704137004000,Solid Waste                                       
SW-Community Pitch-In,Sandtown-Winchester,Western,9,Closed,1704136874000,Solid Waste                                       
ECC-Information Request,,,,Closed,1704142740000,ECC                                               
SW-Community Pitch-In,Mount Washington,Northwestern,5,Closed,1704140546000,Solid Waste                                       
ECC-Community Pitch-In,Sandtown-Winchester,Western,9,Closed (Transferred),1704136874000,ECC                                               
TRS-Parking Complaint,South Baltimore,Southern,11,Closed,1704142036000,Transportation                                    
ECC-Community Pitch-In,Mount Washington,Northwestern,5,Closed (Transferred),1704131143000,ECC                                               
SW-Community Pitch-In,Mount Washington,Northwestern,5,Closed,1704140322000,Solid Waste                                       
ECC-Information Request,,,,Closed,1704140751000,ECC                                               
SW-Community Pitch-In,Mount Washington,Northwestern,5,Closed,1704140375000,Solid Waste                                       
BGE-StLight(s) Out,Violetville,Southern,10,Closed,1704140460000,BGE                                               
ECC-Information Request,Callaway-Garrison,Northwestern,6,Closed,1704140781000,ECC                                               
SW-Dirty Street,Patterson Park Neighborhood,Southeastern,1,Closed,1704140505000,Solid Waste                                       
SW-Bulk Scheduled-Weekday,Edmondson Village,Southwestern,8,Closed,1704140880000,Solid Waste                                       
ECC-Information Request,,,,Closed,1704140616000,ECC                                               
HCD-Illegal Dumping,Reservoir Hill,Western,7,Closed,1704140828000,Housing                                           
ECC-Information Request,,,,Closed,1704141193000,ECC                                               
ECC-Information Request,Hanlon-Longwood,Northwestern,7,Closed,1704141235000,ECC                                               
HCD-Maintenance Structure,Arlington,Northwestern,5,Closed,1704141519000,Housing                                           
FOR-Fallen Limb,Keswick,Northern,14,Closed,1704141645000,Recreation & Parks                                
SW-Community Pitch-In,Sandtown-Winchester,Western,9,Closed,1704141712000,Solid Waste                                       
ECC-Information Request,,,,Closed,1704142010000,ECC                                               
SW-Community Pitch-In,Sandtown-Winchester,Western,9,Closed,1704142014000,Solid Waste                                       
TRT-Sign Damaged/Sign Structure,Overlea,Northeastern,2,Closed,1704142029000,Transportation                                    
ECC-Information Request,,,,Closed,1704142193000,ECC                                               
ECC-Citizen Complaint or Concern,Keswick,Northern,14,New,1704141852000,ECC                                               
HCD-Illegal Dumping,Upton,Western,11,Closed,1704142434000,Housing                                           
ECC-Information Request,,,,Closed,1704142947000,ECC                                               
ECC-Information Request,,,,Closed,1704142982000,ECC                                               
ECC-Information Request,,,,Closed,1704143174000,ECC                                               
PABC-Residential Reserved Disabled Parking Request,East Arlington,Northwestern,6,Closed,1704143069000,Parking Authority                                 
TRM-Curb Repair,Saint Josephs,Southwestern,8,Open,1704142805000,Transportation                                    
ECC-Vehicle Look Up,Cross Country,Northwestern,5,Closed,1704143137000,ECC                                               
ECC-Information Request,,,,Closed,1704143391000,ECC                                               
HCD-Sanitation Property,Saint Josephs,Southwestern,8,Closed,1704143271000,Housing                                           
SW-Dirty Street,Brooklyn,Southern,10,Closed,1704143393000,Solid Waste                                       
ECC-Information Request,,,,Closed,1704143307000,ECC                                               
SW-Bulk Scheduled-Weekday,Fells Point,Central,1,Closed,1704143422000,Solid Waste                                       
ECC-Information Request,,,,Closed,1704143370000,ECC                                               
ECC-Information Request,,,,Closed,1704143423000,ECC                                               
ECC-Information Request,,,,Closed,1704143635000,ECC                                               
SW-City Trash Can or Recycling Cart Lost or Stolen,Waverly,Northern,14,Closed,1704143674000,Solid Waste                                       
HLTH-Animal In Danger/Injured/Abused/Neglected,Wakefield,Northwestern,8,Closed,1704142624000,Health                                            
SW-Community Pitch-In,Sandtown-Winchester,Western,9,Closed,1704141948000,Solid Waste                                       
ECC-Information Request,,,,Closed,1704143359000,ECC                                               
ECC-Information Request,,,,Closed,1704143410000,ECC                                               
ECC-Information Request,,,,Closed,1704145268000,ECC                                               
ECC-Information Request,,,,Closed,1704146244000,ECC                                               
ECC-Information Request,,,,Closed,1704145542000,ECC                                               
ECC-Information Request,,,,Closed,1704145702000,ECC                                               
ECC-Information Request,East Arlington,Northwestern,6,Closed,1704143799000,ECC                                               
WW-Sewer Misc Investigation,Harbor East,Central,1,Closed,1704143869000,Water Wastewater                                  
ECC-Information Request,Ednor Gardens-Lakeside,Northeastern,14,Closed,1704143921000,ECC                                               
ECC-Information Request,,,,Closed,1704144890000,ECC                                               
TRS-Parking Complaint,Evesham Park,Northeastern,4,Closed,1704143839000,Transportation                                    
SW-Dirty Alley,Penn North,Western,7,Closed,1704144330000,Solid Waste                                       
ECC-Information Request,,,,Closed,1704146217000,ECC                                               
ECC-Information Request,,,,Closed,1704144095000,ECC                                               
SW-Dirty Alley,Penn North,Western,7,Closed,1704144344000,Solid Waste                                       
ECC-Information Request,,,,Closed,1704144475000,ECC                                               
SW-Bulk Scheduled-Weekday,Belair-Edison,Eastern,13,Closed,1704144187000,Solid Waste                                       
ECC-Information Request,,,,Closed,1704144479000,ECC                                               
ECC-Information Request,,,,Closed,1704144233000,ECC                                               
ECC-Information Request,Callaway-Garrison,Northwestern,6,Closed,1704144304000,ECC                                               
ECC-Information Request,,,,Closed,1704144394000,ECC                                               
SW-Dirty Street,Brooklyn,Southern,10,Closed,1704144580000,Solid Waste                                       
SW-Dirty Street,Brooklyn,Southern,10,Closed,1704144858000,Solid Waste                                       
SW-Dirty Street,Brooklyn,Southern,10,Closed,1704144644000,Solid Waste                                       
ECC-Information Request,,,,Closed,1704144715000,ECC                                               
SW-Dirty Street,Curtis Bay Industrial Area,Southern,10,Closed,1704144934000,Solid Waste                                       
SW-Dirty Alley,Belair-Edison,Eastern,13,Closed,1704145015000,Solid Waste                                       
ECC-Information Request,,,,Closed,1704145133000,ECC                                               
WW-Storm Inlet Choke,Brooklyn,Southern,10,Closed,1704145233000,Water Wastewater                                  
ECC-Information Request,,,,Closed,1704145147000,ECC                                               
ECC-Information Request,,,,Closed,1704145262000,ECC                                               
ECC-Information Request,,,,Closed,1704145154000,ECC                                               
ECC-Information Request,,,,Closed,1704145301000,ECC                                               
ECC-Information Request,,,,Closed,1704145313000,ECC                                               
ECC-Information Request,Broening Manor,Southeastern,1,Closed,1704145216000,ECC                                               
ECC-Information Request,,,,Closed,1704145368000,ECC                                               
ECC-Information Request,,,,Closed,1704145222000,ECC                                               
ECC-Information Request,,,,Closed,1704145405000,ECC                                               
ECC-Information Request,,,,Closed,1704145441000,ECC                                               
ECC-Information Request,,,,Closed,1704145771000,ECC                                               
SW-Mixed Refuse,Waltherson,Northeastern,3,Closed,1704145502000,Solid Waste                                       
ECC-Information Request,,,,Closed,1704145544000,ECC                                               
ECC-Information Request,Beverly Hills,Northeastern,3,Closed,1704145569000,ECC                                               
ECC-Information Request,,,,Closed,1704146021000,ECC                                               
ECC-Vehicle Look Up,Westport,Southern,10,Closed,1704145599000,ECC                                               
ECC-Information Request,,,,Closed,1704146118000,ECC                                               
SW-City Trash Can or Recycling Cart Lost or Stolen,Greektown,Southeastern,1,Closed,1704145668000,Solid Waste                                       
ECC-Information Request,,,,Closed,1704146129000,ECC                                               
ECC-Information Request,,,,Closed,1704146136000,ECC                                               
ECC-Information Request,,,,Closed,1704146200000,ECC                                               
ECC-Information Request,,,,Closed,1704146143000,ECC                                               
ECC-Information Request,,,,Closed,1704146266000,ECC                                               
ECC-Information Request,,,,Closed,1704146152000,ECC                                               
ECC-Information Request,,,,Closed,1704146155000,ECC                                               
ECC-Information Request,,,,Closed,1704146286000,ECC                                               
ECC-Information Request,,,,Closed,1704146169000,ECC                                               
ECC-Information Request,,,,Closed,1704146378000,ECC                                               
ECC-Information Request,,,,Closed,1704146413000,ECC                                               
ECC-Information Request,,,,Closed,1704146462000,ECC                                               
ECC-Information Request,,,,Closed,1704146474000,ECC                                               
TRS-48 Hour Parking/Abandoned Vehicle,Patterson Park Neighborhood,Southeastern,1,Closed,1704146903000,Transportation                                    
ECC-Information Request,,,,Closed,1704146490000,ECC                                               
SW-SIU Clean Up (HCD USE ONLY),Patterson Park Neighborhood,Southeastern,1,Closed,1704147062000,Solid Waste                                       
HCD-Illegal Dumping,Patterson Park Neighborhood,Southeastern,1,Closed (Duplicate),1704147203000,Housing                                           
SW-Bulk Scheduled-Weekday,Belair-Edison,Northeastern,2,Closed,1704150228000,Solid Waste                                       
SW-Cleaning,Gwynns Falls,Southwestern,10,Closed,1704147657000,Solid Waste                                       
SW-Boarding,Franklin Square,Southwestern,9,Closed,1704147722000,Solid Waste                                       
SW-Cleaning,Gwynns Falls,Southwestern,10,Closed,1704147669000,Solid Waste                                       
SW-Boarding,Penrose/Fayette Street Outreach,Southwestern,9,Closed,1704147732000,Solid Waste                                       
SW-Boarding,Rosemont,Northwestern,9,Closed,1704147679000,Solid Waste                                       
SW-Boarding,Penrose/Fayette Street Outreach,Southwestern,9,Closed,1704147741000,Solid Waste                                       
SW-Boarding,Rosemont,Northwestern,7,Closed,1704147688000,Solid Waste                                       
SW-Boarding,Sandtown-Winchester,Western,9,Closed,1704147698000,Solid Waste                                       
SW-Boarding,Midtown-Edmondson,Western,9,Closed,1704147707000,Solid Waste                                       
BGE-C-Order Damage,Oliver,Eastern,12,Closed,1704147914000,BGE                                               
BGE-StLight(s) Out,,,,Closed,1704148220000,BGE                                               
BGE-StLight(s) Out,,,,Closed,1704148232000,BGE                                               
SW-Dirty Street,Harwood,Northern,12,Closed,1704148488000,Solid Waste                                       
HLTH-EV Noise,Belair-Edison,Eastern,2,Closed (Duplicate),1704149477000,Health                                            
SW-Dirty Alley,Carrollton Ridge,Southwestern,9,Closed,1704149334000,Solid Waste                                       
BGE-StLighting Cable Faults,Woodbourne Heights,Northeastern,4,Closed,1704150694000,BGE                                               
BGE-StLight(s) Out,,,,Closed,1704150741000,BGE                                               
ECC-Grass Mowing,Sandtown-Winchester,Western,9,New,1704152608000,ECC                                               
SW-Dirty Alley,Mosher,Western,9,Closed,1704151027000,Solid Waste                                       
SW-Graffiti Removal,Midtown-Edmondson,Western,9,Closed,1704151109000,Solid Waste                                       
BGE-C-Order Damage,,,,Closed,1704151079000,BGE                                               
BGE-StLight(s) Out,Glen Oaks,Northeastern,4,Closed,1704151796000,BGE                                               
SW-Graffiti Removal,Midtown-Edmondson,Western,9,Closed,1704151180000,Solid Waste                                       
SW-Dirty Alley,Oliver,Eastern,12,Closed,1704152523000,Solid Waste                                       
BGE-StLight(s) Out,,,,Closed,1704151913000,BGE                                               
SW-Graffiti Removal,Upton,Western,11,Closed,1704152025000,Solid Waste                                       
SW-Dirty Alley,Easterwood,Western,7,Closed (Duplicate),1704152125000,Solid Waste                                       
ECC-Miscellaneous Request,New Northwood,Northeastern,4,Closed,1704152593000,ECC                                               
ECC-Miscellaneous Request,Mid-Town Belvedere,Central,11,Closed,1704152641000,ECC                                               
SW-Dirty Alley,Oliver,Eastern,12,Closed,1704152346000,Solid Waste                                       
SW-Dirty Street,Bridgeview/Greenlawn,Western,9,Closed,1704160116000,Solid Waste                                       
BGE-StLight(s) Out,Bolton Hill,Western,11,Closed,1704152876000,BGE                                               
SW-Dirty Alley,Bridgeview/Greenlawn,Western,9,Closed,1704153288000,Solid Waste                                       
SW-Dirty Street,Franklintown,Northwestern,8,Closed,1704153680000,Solid Waste                                       
BGE-StLight(s) Out,Upton,Western,11,Closed,1704154242000,BGE                                               
TRM-Street Repairs,Madison Park,Western,11,Closed,1704154446000,Transportation                                    
SW-Graffiti Removal,Rosemont Homeowners/Tenants,Western,9,Closed,1704153966000,Solid Waste                                       
SW-Dirty Alley,Upton,Western,11,Closed,1704154075000,Solid Waste                                       
BGE-StLight(s) Out,Johns Hopkins Homewood,Northern,14,Closed,1704154539000,BGE                                               
BGE-StLight(s) Out,Loch Raven,Northeastern,4,Closed,1704154760000,BGE                                               
BGE-StLight(s) Out,Idlewood,Northeastern,4,Closed,1704154833000,BGE                                               
SW-Dirty Alley,Auchentoroly-Parkwood,Western,7,Closed,1704154990000,Solid Waste                                       
SW-Dirty Alley,East Baltimore Midway,Eastern,12,Closed,1704155802000,Solid Waste                                       
SW-Dirty Street,Auchentoroly-Parkwood,Western,7,Closed,1704155156000,Solid Waste                                       
SW-Dirty Street,Midtown-Edmondson,Western,9,Closed,1704157167000,Solid Waste                                       
TRS-Parking Complaint,Auchentoroly-Parkwood,Western,7,Closed,1704155281000,Transportation                                    
HCD-Sanitation Property,Belair-Edison,Eastern,13,Closed,1704156086000,Housing                                           
SW-City Trash Can or Recycling Cart Lost or Stolen,Howard Park,Northwestern,8,Closed,1704157259000,Solid Waste                                       
SW-Dirty Street,Easterwood,Western,7,Closed,1704157814000,Solid Waste                                       
BGE-StLight(s) Out,Yale Heights,Southwestern,8,Closed,1704158150000,BGE                                               
SW-Dirty Street,Bridgeview/Greenlawn,Western,9,Closed,1704158291000,Solid Waste                                       
HCD-Sanitation Property,Harlem Park,Western,9,Closed,1704158395000,Housing                                           
TR-Escalation,,,,Closed,1704158903000,Transportation                                    
SW-Dirty Alley,Evergreen Lawn,Western,9,Closed,1704159593000,Solid Waste                                       
BGE-StLighting Cable Faults,Idlewood,Northeastern,4,Closed,1704158905000,BGE                                               
SW-Dirty Alley,Bridgeview/Greenlawn,Western,9,Closed,1704159111000,Solid Waste                                       
SW-Dirty Alley,Evergreen Lawn,Western,9,Closed,1704159768000,Solid Waste                                       
SW-Dirty Street,Harlem Park,Western,9,Closed,1704159776000,Solid Waste                                       
SW-Dirty Alley,Evergreen Lawn,Western,9,Closed,1704160009000,Solid Waste                                       
BGE-C-Order Damage,Idlewood,Northeastern,4,Closed,1704160675000,BGE                                               
TRS-Parking Complaint,Penn North,Western,7,Closed,1704160969000,Transportation                                    
TRS-Parking Complaint,Penn North,Western,7,Closed (Duplicate),1704161180000,Transportation                                    
SW-Dirty Street,Curtis Bay,Southern,10,Closed (Duplicate),1704161292000,Solid Waste                                       
SW-Dirty Alley,Curtis Bay,Southern,10,Closed,1704161105000,Solid Waste                                       
BGE-StLight(s) Out,,,,Closed,1704163295000,BGE                                               
HLTH-EV Noise,Butchers Hill,Southeastern,1,Closed (Duplicate),1704161980000,Health                                            
BGE-StLight(s) Out,,,,Closed,1704162010000,BGE                                               
SW-Dirty Street,Druid Heights,Western,7,Closed,1704162483000,Solid Waste                                       
SW-Dirty Street,Upton,Western,11,Closed,1704162753000,Solid Waste                                       
TRS-48 Hour Parking/Abandoned Vehicle,Hamilton Hills,Northeastern,3,Closed,1704163009000,Transportation                                    
BGE-C-Order Damage,,,,Closed,1704163128000,BGE                                               
SW-Dirty Street,Druid Heights,Western,7,Closed,1704163765000,Solid Waste                                       
SW-Dirty Street,Upton,Western,11,Closed,1704163770000,Solid Waste                                       
SW-Dirty Street,Bridgeview/Greenlawn,Western,9,Closed,1704164979000,Solid Waste                                       
TR-Escalation,Homeland,Northern,4,Closed,1704165098000,Transportation                                    
BGE-StLight(s) Out,,,,Closed,1704166587000,BGE                                               
BGE-C-Order Damage,,,,Closed,1704167061000,BGE                                               
SW-Dirty Alley,Winchester,Western,9,Closed,1704167942000,Solid Waste                                       
SW-Dirty Street,Midtown-Edmondson,Western,9,Closed,1704168742000,Solid Waste                                       
HLTH-EV Noise,Belair-Edison,Eastern,2,Closed (Duplicate),1704165697000,Health                                            
BGE-StLight(s) Out,,,,Closed,1704169187000,BGE                                               
TR-Escalation,,,,Closed,1704169155000,Transportation                                    
WW-Water Turn Off (Request),Lakeland,Southern,10,Closed,1704171482000,Water Wastewater                                  
HCD-Zoning Investigation,Fallstaff,Northwestern,5,Closed (Duplicate),1704172161000,Housing                                           
BGE-StLight(s) Out,Boyd-Booth,Southwestern,9,Closed,1704172903000,BGE                                               
BGE-StLight(s) Out,Boyd-Booth,Southwestern,9,Closed,1704173155000,BGE                                               
BGE-C-Order Damage,Walbrook,Northwestern,7,Closed,1704173450000,BGE                                               
TRS-48 Hour Parking/Abandoned Vehicle,Cherry Hill,Southern,10,Closed,1704173698000,Transportation                                    
SW-Dirty Alley,Midtown-Edmondson,Western,9,Closed,1704173807000,Solid Waste                                       
TR-Escalation,Northwest Community Action,Northwestern,9,Closed,1704174173000,Transportation                                    
SW-Dirty Street,Midtown-Edmondson,Western,9,Closed,1704173892000,Solid Waste                                       
HCD-Sanitation Property,McElderry Park,Southeastern,13,Closed,1704174211000,Housing                                           
SW-Dirty Alley,Brooklyn,Southern,10,Closed (Duplicate),1704174658000,Solid Waste                                       
SW-Boarding,Carrollton Ridge,Southwestern,9,Closed,1704176092000,Solid Waste                                       
ECC-Miscellaneous Request,South Baltimore,Southern,11,Closed,1704175778000,ECC                                               
FOR-Down Tree,Harlem Park,Western,9,Closed,1704175870000,Recreation & Parks                                
TRM-Curb Repair,Winchester,Western,9,Open,1704176074000,Transportation                                    
SW-Boarding,Carrollton Ridge,Southwestern,9,Closed,1704176078000,Solid Waste                                       
SW-Boarding,Carrollton Ridge,Southwestern,9,Closed,1704176051000,Solid Waste                                       
TRS-Parking Complaint,Mount Winans,Southern,10,Closed,1704176086000,Transportation                                    
SW-Dirty Street,Barclay,Eastern,12,Closed,1704176059000,Solid Waste                                       
FIR-Fire Code Inspection Request,Panway/Braddish Avenue,Western,7,Closed,1704176100000,Fire Department                                   
SW-Cleaning,Carrollton Ridge,Southwestern,9,Closed,1704176065000,Solid Waste                                       
WW-Water Leak (Exterior),,,,Closed,1704178127000,Water Wastewater                                  
TRM-Curb Repair,Winchester,Western,9,Open (Duplicate),1704176155000,Transportation                                    
ECC-Information Request,,,,Closed,1704178377000,ECC                                               
SW-Dirty Alley,Harlem Park,Western,9,Closed,1704176141000,Solid Waste                                       
ECC-Information Request,,,,Closed,1704176155000,ECC                                               
SW-Public (Corner) Trash Can Issue,Barclay,Eastern,12,Closed,1704176209000,Solid Waste                                       
TRM-Curb Repair,Winchester,Western,9,Open (Duplicate),1704176402000,Transportation                                    
TEC-Footways Complaint,Winchester,Western,9,Closed,1704176227000,Transportation                                    
SW-Cleaning,Saint Agnes,Southwestern,8,Closed,1704176163000,Solid Waste                                       
ECC-Information Request,,,,Closed,1704176291000,ECC                                               
ECC-Information Request,,,,Closed,1704176309000,ECC                                               
TEC-Footways Complaint,Winchester,Western,9,Closed,1704176311000,Transportation                                    
TRM-Street Repairs,Harlem Park,Western,9,Open,1704176475000,Transportation                                    
ECC-Vehicle Look Up,Washington Hill,Central,12,Closed,1704176477000,ECC                                               
SW-Public (Corner) Trash Can Issue,Barclay,Eastern,12,Closed,1704176564000,Solid Waste                                       
TRM-Street Repairs,Sandtown-Winchester,Western,9,Open,1704176642000,Transportation                                    
TRT-Traffic Calming,McElderry Park,Southeastern,13,Open,1704176667000,Transportation                                    
SW-Dirty Street,Midtown-Edmondson,Western,9,Closed,1704176749000,Solid Waste                                       
SW-Dirty Street,Greenmount West,Eastern,12,Closed,1704176754000,Solid Waste                                       
SW-Dirty Alley,Midtown-Edmondson,Western,9,Closed,1704176985000,Solid Waste                                       
TRS-Parking Complaint,Hamilton,Northeastern,2,Closed,1704177054000,Transportation                                    
ECC-Information Request,Baltimore Highlands,Southeastern,1,Closed,1704177075000,ECC                                               
TRC-Conduit Investigation,Charles North,Northern,12,Closed,1704177077000,Transportation                                    
BGE-StLight(s) Out,CARE,Southeastern,13,Closed,1704177086000,BGE                                               
SW-Cleaning,Carrollton Ridge,Southwestern,9,Closed,1704177233000,Solid Waste                                       
TRC-Conduit Investigation,Beverly Hills,Northeastern,3,Closed,1704177235000,Transportation                                    
SW-Dirty Alley,Midtown-Edmondson,Western,9,Closed (Duplicate),1704177259000,Solid Waste                                       
ECC-Information Request,,,,Closed,1704178991000,ECC                                               
ECC-Information Request,,,,Closed,1704177314000,ECC                                               
TRT-Sign Damaged/Sign Structure,Canton Industrial Area,Southeastern,2,Closed,1704177351000,Transportation                                    
TRS-48 Hour Parking/Abandoned Vehicle,West Forest Park,Northwestern,8,Closed,1704177293000,Transportation                                    
SW-Graffiti Removal,Charles Village,Northern,12,Closed,1704177434000,Solid Waste                                       
ECC-Information Request,Ashburton,Northwestern,6,Closed,1704177482000,ECC                                               
ECC-Information Request,Reservoir Hill,Western,7,Closed,1704177441000,ECC                                               
ECC-Vehicle Look Up,Millhill,Southwestern,9,Closed,1704177481000,ECC                                               
SW-Dirty Alley,Brooklyn,Southern,10,Closed,1704177578000,Solid Waste                                       
SW-Dirty Alley,Sandtown-Winchester,Western,9,Closed (Duplicate),1704177654000,Solid Waste                                       
FOR-Down Tree,Highlandtown,Southeastern,2,Closed,1704177822000,Recreation & Parks                                
BGE-Duplex,,,,Closed,1704177886000,BGE                                               
ECC-Information Request,,,,Closed,1704178010000,ECC                                               
SW-Mixed Refuse,Midtown-Edmondson,Western,9,Closed,1704178077000,Solid Waste                                       
ECC-Information Request,,,,Closed,1704178087000,ECC                                               
ECC-Information Request,,,,Closed,1704178247000,ECC                                               
SW-Recycling,Midtown-Edmondson,Western,9,Closed,1704178277000,Solid Waste                                       
ECC-Information Request,Hamilton,Northeastern,2,Closed,1704178368000,ECC                                               
ECC-Escalation,Rosemont Homeowners/Tenants,Western,9,Closed,1704178700000,Water Wastewater                                  
TRC-Conduit Investigation,Wyndhurst,Northern,6,Closed,1704178700000,Transportation                                    
ECC-Information Request,,,,Closed,1704178714000,ECC                                               
TRC-Conduit Investigation,Belair-Edison,Eastern,13,Closed,1704178797000,Transportation                                    
ECC-Information Request,Brooklyn,Southern,10,Closed,1704178782000,ECC                                               
TRC-Conduit Investigation,Clifton Park,Eastern,14,Closed,1704178981000,Transportation                                    
TRS-48 Hour Parking/Abandoned Vehicle,Curtis Bay,Southern,10,Closed,1704179052000,Transportation                                    
TRS-48 Hour Parking/Abandoned Vehicle,Sandtown-Winchester,Western,7,Closed,1704179059000,Transportation                                    
TRC-Conduit Investigation,Brooklyn,Southern,10,Closed,1704179074000,Transportation                                    
SW-Mixed Refuse,Midtown-Edmondson,Western,9,Closed,1704179161000,Solid Waste                                       
ECC-Information Request,,,,Closed,1704179222000,ECC                                               
ECC-Information Request,,,,Closed,1704179202000,ECC                                               
TRS-Parking Complaint,Gay Street,Central,12,Closed,1704179296000,Transportation                                    
ECC-MPIA Request,,,,Closed,1704179630000,Fire Department                                   
ECC-Information Request,,,,Closed,1704179690000,ECC                                               
HCD-Sanitation Property,Patterson Park Neighborhood,Southeastern,1,Closed,1704179643000,Housing                                           
ECC-Information Request,,,,Closed,1704179656000,ECC                                               
ECC-Information Request,,,,Closed,1704179689000,ECC                                               
ECC-Information Request,,,,Closed,1704097038000,ECC                                               
ECC-Information Request,,,,Closed,1704097059000,ECC                                               
ECC-Vehicle Look Up,Mount Vernon,Central,11,Closed,1704097110000,ECC                                               
ECC-Information Request,,,,Closed,1704096967000,ECC                                               
TRS-Parking Complaint,Upper Fells Point,Central,1,Closed,1704183238000,Transportation                                    
HCD-Sanitation Property,Waverly,Northern,14,Closed,1704182728000,Housing                                           
HCD-Maintenance Structure,Central Park Heights,Northern,6,Closed,1704182875000,Housing                                           
HCD-Sanitation Property,Charles Village,Northern,14,Closed,1704181828000,Housing                                           
SW-City Trash Can or Recycling Cart Concern,Callaway-Garrison,Northwestern,6,Closed,1704182816000,Solid Waste                                       
ECC-Information Request,,,,Closed,1704182968000,ECC                                               
HCD-Systems,Greenspring,Northern,6,Closed,1704182012000,Housing                                           
SW-HGW,Northwest Community Action,Northwestern,7,Closed,1704182105000,Solid Waste                                       
WW-Sewer Misc Investigation,West Hills,Southwestern,8,Closed,1704182049000,Water Wastewater                                  
ECC-Information Request,Millhill,Southwestern,9,Closed,1704182110000,ECC                                               
ECC-Information Request,,,,Closed,1704182081000,ECC                                               
ECC-Information Request,,,,Closed,1704182149000,ECC                                               
ECC-Information Request,,,,Closed,1704182159000,ECC                                               
SW-Graffiti Removal,Central Park Heights,Northern,6,Closed,1704182207000,Solid Waste                                       
ECC-Information Request,,,,Closed,1704182172000,ECC                                               
ECC-Information Request,,,,Closed,1704182224000,ECC                                               
HCD-Sanitation Property,Morrell Park,Southern,10,Closed,1704182186000,Housing                                           
SW-City Trash Can or Recycling Cart Concern,North Harford Road,Northeastern,3,Closed,1704182281000,Solid Waste                                       
ECC-Information Request,,,,Closed,1704182195000,ECC                                               
ECC-Information Request,,,,Closed,1704182300000,ECC                                               
HCD-Illegal Dumping,Central Park Heights,Northern,6,Closed,1704182415000,Housing                                           
ECC-Information Request,,,,Closed,1704182344000,ECC                                               
FOR-Fallen Limb,Howard Park,Northwestern,5,Closed,1704182430000,Recreation & Parks                                
SW-Bulk Scheduled-Saturday,Oldtown,Central,12,Closed,1704182437000,Solid Waste                                       
ECC-Information Request,,,,Closed,1704182374000,ECC                                               
HCD-Vacant Building,Central Park Heights,Northern,6,Closed,1704182483000,Housing                                           
ECC-Information Request,,,,Closed,1704182506000,ECC                                               
SW-Dirty Alley,Central Park Heights,Northern,6,Closed,1704182523000,Solid Waste                                       
ECC-Information Request,,,,Closed,1704182624000,ECC                                               
SW-Dirty Alley,Langston Hughes,Northwestern,6,Closed,1704182633000,Solid Waste                                       
FOR-Tree Inspection,Howard Park,Northwestern,5,Closed,1704182639000,Recreation & Parks                                
FIR-Fire Code Inspection Request,Downtown,Central,11,Closed,1704182647000,Fire Department                                   
TRS-Parking Complaint,Butchers Hill,Southeastern,1,Closed,1704182681000,Transportation                                    
SW-City Trash Can or Recycling Cart Concern,Callaway-Garrison,Northwestern,6,Closed,1704182738000,Solid Waste                                       
ECC-Information Request,,,,Closed,1704182695000,ECC                                               
FIR-Fire Code Inspection Request,Lakeland,Southern,10,Closed,1704182768000,Fire Department                                   
SW-Community Pitch-In,Beechfield,Southwestern,8,Closed,1704182774000,Solid Waste                                       
ECC-Information Request,,,,Closed,1704182833000,ECC                                               
HCD-Maintenance Structure,Central Park Heights,Northern,6,Closed,1704182808000,Housing                                           
ECC-Information Request,,,,Closed,1704182837000,ECC                                               
TRS-Parking Complaint,Butchers Hill,Southeastern,1,Closed,1704182808000,Transportation                                    
TRM-Street Repairs,Hampden,Northern,7,Closed,1704182880000,Transportation                                    
WW-Water Low Pressure,,,,Closed,1704183112000,Water Wastewater                                  
TTR-Vehicle Removal,Howard Park,Northwestern,8,Closed,1704182883000,Transportation                                    
ECC-Information Request,Langston Hughes,Northwestern,6,Closed,1704182922000,ECC                                               
ECC-Information Request,Belair-Edison,Eastern,13,Closed,1704183008000,ECC                                               
TRS-Parking Complaint,Upper Fells Point,Central,1,Closed,1704182945000,Transportation                                    
DPW-Calendar or Water Quality Report Request,Callaway-Garrison,Northwestern,6,Closed,1704182950000,Public Works                                      
SW-Bulk Scheduled-Weekday,Berea,Eastern,13,Closed,1704182959000,Solid Waste                                       
ECC-Information Request,,,,Closed,1704183035000,ECC                                               
SW-Dirty Alley,Harlem Park,Western,9,Closed,1704183112000,Solid Waste                                       
TRS-Parking Complaint,Upper Fells Point,Central,1,Closed,1704183067000,Transportation                                    
TRS-Parking Complaint,Patterson Park Neighborhood,Southeastern,1,Closed,1704183144000,Transportation                                    
ECC-Information Request,,,,Closed,1704182117000,ECC                                               
ECC-Information Request,,,,Closed,1704183161000,ECC                                               
SW-Dirty Street,Coldspring,Northern,6,Closed,1704183265000,Solid Waste                                       
HCD-Sanitation Property,Central Park Heights,Northern,6,Closed,1704183247000,Housing                                           
SW-Mixed Refuse,Waverly,Northern,14,Closed,1704183285000,Solid Waste                                       
TRS-Parking Complaint,Shipley Hill,Southwestern,9,Closed,1704183253000,Transportation                                    
HLTH-Animal Unsanitary Conditions,Loch Raven,Northeastern,3,Closed,1704183291000,Health                                            
SW-Recycling,Upper Fells Point,Central,13,Closed,1704180342000,Solid Waste                                       
SW-Recycling,Mayfield,Northeastern,14,Closed,1704182122000,Solid Waste                                       
TRM-Guardrail Concern (Repair),Saint Josephs,Southwestern,8,Closed,1704182529000,Transportation                                    
FIR-Fire Code Inspection Request,Saint Josephs,Southwestern,8,Closed,1704182231000,Fire Department                                   
TRS-Parking Complaint,Ellwood Park/Monument,Southeastern,13,Closed,1704183599000,Transportation                                    
SW-Mixed Refuse,Sandtown-Winchester,Western,9,Closed,1704181514000,Solid Waste                                       
SW-Dirty Alley,Belair-Edison,Eastern,13,Closed,1704184676000,Solid Waste                                       
ECC-Information Request,,,,Closed,1704185152000,ECC                                               
ECC-Information Request,,,,Closed,1704183832000,ECC                                               
SW-Dirty Street,Lauraville,Northeastern,3,Closed,1704186126000,Solid Waste                                       
TRS-Parking Complaint,Upper Fells Point,Central,1,Closed,1704183468000,Transportation                                    
BGE-Cable Replacement,Hoes Heights,Northern,14,Closed,1704183830000,BGE                                               
HCD-Sanitation Property,Rosemont East,Northeastern,2,Closed,1704183984000,Housing                                           
WW-Storm Damaged Inlet,Pen Lucy,Northern,4,Closed,1704184791000,Water Wastewater                                  
SW-City Trash Can or Recycling Cart Concern,Morrell Park,Southern,10,Closed,1704183651000,Solid Waste                                       
SW-Recycling,Hamilton,Northeastern,2,Closed,1704183439000,Solid Waste                                       
ECC-Information Request,,,,Closed,1704183907000,ECC                                               
SW-Mixed Refuse,Midtown-Edmondson,Western,9,Closed,1704180014000,Solid Waste                                       
HLTH-Animal Stray Held,Fallstaff,Northwestern,5,Closed,1704183374000,Health                                            
ECC-Information Request,Coldspring,Northern,6,Closed,1704183323000,ECC                                               
ECC-Citizen Complaint or Concern,Morrell Park,Southern,10,Closed,1704183382000,Solid Waste                                       
TRS-Parking Complaint,Fells Point,Central,1,Closed,1704183339000,Transportation                                    
BGE-Cable Replacement,Ashburton,Northwestern,7,Closed,1704183352000,BGE                                               
SW-Dirty Alley,Easterwood,Western,7,Closed,1704183407000,Solid Waste                                       
ECC-Information Request,Mid-Town Belvedere,Central,11,Closed,1704183420000,ECC                                               
TRS-48 Hour Parking/Abandoned Vehicle,Original Northwood,Northeastern,3,Closed,1704183780000,Transportation                                    
ECC-Information Request,,,,Closed,1704183489000,ECC                                               
TRM-Potholes,Medfield,Northern,7,Closed,1704183538000,Transportation                                    
ECC-Information Request,,,,Closed,1704184621000,ECC                                               
SW-Dirty Street,Washington Hill,Central,13,Closed,1704183513000,Solid Waste                                       
ECC-Information Request,,,,Closed,1704183554000,ECC                                               
ECC-Escalation,Pen Lucy,Northern,4,New,1704183556000,Recreation & Parks                                
HCD-Sanitation Property,Belair-Edison,Eastern,13,Closed,1704183558000,Housing                                           
ECC-Information Request,,,,Closed,1704183599000,ECC                                               
ECC-Information Request,,,,Closed,1704183565000,ECC                                               
SW-City Trash Can or Recycling Cart Concern,East Baltimore Midway,Eastern,12,Closed,1704184327000,Solid Waste                                       
ECC-Information Request,,,,Closed,1704183573000,ECC                                               
ECC-Information Request,,,,Closed,1704183639000,ECC                                               
TRT-Traffic Signal Repairs,Belair-Edison,Eastern,13,Closed,1704183677000,Transportation                                    
ECC-Information Request,,,,Closed,1704183590000,ECC                                               
HCD-Sanitation Property,Brooklyn,Southern,10,Closed,1704183771000,Housing                                           
HLTH-Food Facility Complaint,Hampden,Northern,14,Closed,1704183781000,Health                                            
SW-Bulk Scheduled-Weekday,Gwynns Falls,Southwestern,10,Closed,1704183805000,Solid Waste                                       
SW-Bulk Scheduled-Saturday,Howard Park,Northwestern,5,Closed,1704183834000,Solid Waste                                       
FCCS-Refunds,Lauraville,Northeastern,3,Closed,1704183818000,Finance                                           
SW-Dirty Street,Sandtown-Winchester,Western,7,Closed (Duplicate),1704183825000,Solid Waste                                       
TRS-Parking Complaint,Evergreen Lawn,Western,9,Closed,1704183828000,Transportation                                    
ECC-Escalation,Carrollton Ridge,Southwestern,9,Closed,1704185726000,Water Wastewater                                  
WW-Sewer Water In Basement,Frankford,Northeastern,2,Closed,1704185741000,Water Wastewater                                  
TRS-Parking Complaint,Evergreen Lawn,Western,9,Closed,1704183900000,Transportation                                    
SW-Dirty Alley,Belair-Edison,Eastern,13,Closed,1704183479000,Solid Waste                                       
TRS-Parking Complaint,Brooklyn,Southern,10,Closed,1704183971000,Transportation                                    
HCD-Trees and Shrubs,Howard Park,Northwestern,8,Closed,1704186449000,Housing                                           
ECC-Information Request,,,,Closed,1704184044000,ECC                                               
SW-Rat Rubout,Patterson Park Neighborhood,Southeastern,1,Closed,1704184050000,Solid Waste                                       
ECC-Information Request,,,,Closed,1704184011000,ECC                                               
ECC-Information Request,,,,Closed,1704184052000,ECC                                               
TRS-48 Hour Parking/Abandoned Vehicle,Cedonia,Northeastern,2,Closed,1704184083000,Transportation                                    
HLTH-Animal In Danger/Injured/Abused/Neglected,Sandtown-Winchester,Western,9,Closed,1704184135000,Health                                            
ECC-Information Request,,,,Closed,1704184485000,ECC                                               
HCD-Sanitation Property,Ellwood Park/Monument,Southeastern,13,Closed,1704184090000,Housing                                           
ECC-Information Request,,,,Closed,1704184157000,ECC                                               
TRM-Potholes,Sabina-Mattfeldt,Northern,5,Closed,1704184127000,Transportation                                    
ECC-Information Request,,,,Closed,1704184181000,ECC                                               
SW-City Trash Can or Recycling Cart Concern,East Baltimore Midway,Eastern,12,Closed,1704184387000,Solid Waste                                       
ECC-Citizen Complaint or Concern,Park Circle,Northern,6,Closed,1704184207000,Solid Waste                                       
SW-Community Pitch-In,Auchentoroly-Parkwood,Western,7,Closed,1704184246000,Solid Waste                                       
ECC-Information Request,,,,Closed,1704184327000,ECC                                               
ECC-Information Request,,,,Closed,1704184357000,ECC                                               
ECC-Information Request,,,,Closed,1704184390000,ECC                                               
ECC-Information Request,,,,Closed,1704184399000,ECC                                               
ECC-Information Request,,,,Closed,1704184509000,ECC                                               
ECC-Information Request,,,,Closed,1704186779000,ECC                                               
ECC-Information Request,,,,Closed,1704184474000,ECC                                               
SW-City Trash Can or Recycling Cart Concern,Woodbourne Heights,Northeastern,4,Closed,1704184474000,Solid Waste                                       
SW-Dirty Street,Mosher,Western,9,Closed,1704185920000,Solid Waste                                       
SW-Bulk Scheduled-Weekday,Belair-Edison,Eastern,2,Closed,1704184568000,Solid Waste                                       
HCD-Vacant Building,Cylburn,Northern,6,Closed,1704184649000,Housing                                           
ECC-Escalation,,,,Closed,1704184696000,Water Wastewater                                  
HLTH-Animal Unsanitary Conditions,Bayview,Southeastern,1,Closed,1704184618000,Health                                            
SW-Mixed Refuse,O'Donnell Heights,Southeastern,1,Closed,1704184712000,Solid Waste                                       
TTR-Vehicle Removal,Waverly,Northern,4,Closed,1704184734000,Transportation                                    
SW-Bulk Scheduled-Weekday,Waltherson,Northeastern,2,Closed,1704184792000,Solid Waste                                       
WW-Water Discolored,Hillen,Northeastern,3,Closed,1704184858000,Water Wastewater                                  
ECC-Information Request,,,,Closed,1704184816000,ECC                                               
ECC-Information Request,,,,Closed,1704184863000,ECC                                               
ECC-Information Request,,,,Closed,1704184819000,ECC                                               
TRM-Potholes,Belair-Edison,Eastern,13,Closed,1704184871000,Transportation                                    
SW-SIU Clean Up (HCD USE ONLY),Central Park Heights,Northern,6,Closed,1704184876000,Solid Waste                                       
TRS-Parking Complaint,Madison-Eastend,Southeastern,13,Closed,1704184836000,Transportation                                    
TRS-Parking Complaint,Panway/Braddish Avenue,Western,7,Closed,1704184882000,Transportation                                    
SW-SIU Clean Up (HCD USE ONLY),CARE,Southeastern,13,Closed,1704184960000,Solid Waste                                       
FIR-Fire Smoke Alarm Installation Request,East Arlington,Northwestern,6,Closed,1704184928000,Fire Department                                   
SW-Dirty Street,Hamilton,Northeastern,2,Closed,1704185026000,Solid Waste                                       
ECC-Information Request,,,,Closed,1704185060000,ECC                                               
ECC-Information Request,,,,Closed,1704185467000,ECC                                               
HCD-Abandoned Vehicle,Penn North,Western,7,Closed,1704185132000,Housing                                           
BGE-StLight(s) Out,,,,Closed,1704185149000,BGE                                               
ECC-Information Request,,,,Closed,1704185211000,ECC                                               
TRS-Parking Complaint,Patterson Park Neighborhood,Southeastern,1,Closed,1704185225000,Transportation                                    
SW-Dirty Alley,Hampden,Northern,14,Closed,1704185229000,Solid Waste                                       
HCD-Rodents,Sandtown-Winchester,Western,9,Closed,1704185383000,Housing                                           
ECC-Miscellaneous Request,Reservoir Hill,Western,7,Closed (Transferred),1704140828000,ECC                                               
SW-Dirty Alley,Belair-Edison,Eastern,13,Closed,1704185263000,Solid Waste                                       
TRS-Parking Complaint,Bolton Hill,Western,11,Closed,1704185405000,Transportation                                    
TRS-Parking Complaint,Washington Hill,Central,13,Closed,1704185301000,Transportation                                    
TRS-Parking Complaint,Patterson Park Neighborhood,Southeastern,1,Closed (Duplicate),1704185328000,Transportation                                    
HLTH-Animal Unsanitary Conditions,Seton Hill,Central,11,Closed,1704185332000,Health                                            
ECC-Escalation,,,,Closed,1704185374000,Water Wastewater                                  
ECC-Information Request,,,,Closed,1704185335000,ECC                                               
ECC-Information Request,,,,Closed,1704185381000,ECC                                               
ECC-Escalation,,,,Closed,1704185839000,Water Wastewater                                  
TRS-Parking Complaint,Washington Hill,Central,13,Closed,1704185393000,Transportation                                    
SW-Bulk Scheduled-Weekday,Mount Washington,Northwestern,5,Closed,1704185407000,Solid Waste                                       
ECC-Miscellaneous Request,Coldstream Homestead Montebello,Eastern,14,Closed (Transferred),1704126874000,ECC                                               
ECC-Information Request,Mount Washington,Northwestern,5,Closed,1704185462000,ECC                                               
ECC-Information Request,,,,Closed,1704185536000,ECC                                               
FCCS-Refunds,Westfield,Northeastern,3,Closed,1704185472000,Finance                                           
SW-City Trash Can or Recycling Cart Lost or Stolen,Canton,Southeastern,1,Closed,1704185528000,Solid Waste                                       
ECC-Information Request,,,,Closed,1704185499000,ECC                                               
TRS-Parking Complaint,Bolton Hill,Western,11,Closed,1704185507000,Transportation                                    
ECC-Information Request,,,,Closed,1704185558000,ECC                                               
ECC-Information Request,,,,Closed,1704185518000,ECC                                               
ECC-Information Request,Wyman Park,Northern,14,Closed,1704186287000,ECC                                               
ECC-Information Request,,,,Closed,1704185572000,ECC                                               
FCCS-Paid Wrong Account/Misapplied Payment,Mayfield,Northeastern,3,Closed,1704185611000,Finance                                           
TRS-Parking Complaint,Federal Hill,Southern,11,Closed,1704185654000,Transportation                                    
ECC-Information Request,,,,Closed,1704185763000,ECC                                               
ECC-Information Request,Glen,Northwestern,5,Closed,1704185715000,ECC                                               
FOR-Tree Inspection,West Forest Park,Northwestern,8,Closed,1704185788000,Recreation & Parks                                
HCD-Maintenance Structure,Mosher,Western,9,Closed,1704185853000,Housing                                           
TRS-Parking Complaint,Federal Hill,Southern,11,Closed,1704185829000,Transportation                                    
TRS-48 Hour Parking/Abandoned Vehicle,Upper Fells Point,Central,1,Closed,1704185857000,Transportation                                    
ECC-Information Request,,,,Closed,1704185848000,ECC                                               
ECC-Information Request,,,,Closed,1704185892000,ECC                                               
TTR-Vehicle Removal,West Hills,Southwestern,8,Closed,1704185914000,Transportation                                    
ECC-Information Request,,,,Closed,1704185930000,ECC                                               
HCD-Maintenance Structure,Mosher,Western,9,Closed,1704185950000,Housing                                           
SW-Dirty Street,West Arlington,Northwestern,6,Closed,1704185935000,Solid Waste                                       
WW-Water Leak (Exterior),,,,Closed,1704185965000,Water Wastewater                                  
TRS-Parking Complaint,Walbrook,Northwestern,7,Closed,1704185948000,Transportation                                    
TRS-Parking Complaint,Sandtown-Winchester,Western,7,Closed,1704186007000,Transportation                                    
ECC-Information Request,,,,Closed,1704185985000,ECC                                               
ECC-Information Request,,,,Closed,1704185987000,ECC                                               
HCD-Illegal Dumping,Madison-Eastend,Southeastern,13,Closed,1704186020000,Housing                                           
HCD-Sanitation Property,Perring Loch,Northeastern,3,Closed,1704186034000,Housing                                           
ECC-Information Request,,,,Closed,1704186043000,ECC                                               
TRS-48 Hour Parking/Abandoned Vehicle,Upper Fells Point,Central,13,Closed,1704186045000,Transportation                                    
ECC-Information Request,Greektown,Southeastern,1,Closed,1704186079000,ECC                                               
ECC-Information Request,,,,Closed,1704186062000,ECC                                               
TRA-Red Light/Speed/Truck Camera,Millhill,Southwestern,9,Closed,1704186094000,Transportation                                    
FCPF-VR119-Mail,Loyola/Notre Dame,Northern,6,Closed,1704186187000,Finance                                           
ECC-Information Request,,,,Closed,1704186187000,ECC                                               
ECC-Information Request,,,,Closed,1704186115000,ECC                                               
SW-Rat Rubout,Lakeland,Southern,10,Closed,1704186194000,Solid Waste                                       
ECC-Information Request,,,,Closed,1704186197000,ECC                                               
BGE-C-Order Damage,,,,Closed,1704186217000,BGE                                               
ECC-Information Request,,,,Closed,1704186245000,ECC                                               
TRT-Sign Damaged/Sign Structure,Mid-Town Belvedere,Central,12,Closed,1704186219000,Transportation                                    
WW-Sewer Water In Basement,Riverside,Southern,11,Closed,1704186237000,Water Wastewater                                  
SW-HGW,Winston-Govans,Northern,4,Closed,1704186302000,Solid Waste                                       
ECC-Information Request,,,,Closed,1704186316000,ECC                                               
FOR-Tree Inspection,Sandtown-Winchester,Western,7,Closed,1704186336000,Recreation & Parks                                
SW-City Trash Can or Recycling Cart Lost or Stolen,South Baltimore,Southern,11,Closed,1704186332000,Solid Waste                                       
TRS-Parking Complaint,Madison-Eastend,Southeastern,13,Closed,1704186361000,Transportation                                    
ECC-Escalation,Mount Holly,Northwestern,7,Closed,1704186415000,Water Wastewater                                  
WW-Water Water In Basement,CARE,Southeastern,13,Closed,1704186371000,Water Wastewater                                  
ECC-Information Request,,,,Closed,1704186382000,ECC                                               
TRS-48 Hour Parking/Abandoned Vehicle,Hunting Ridge,Southwestern,8,Closed,1704186462000,Transportation                                    
FCPF-Payments,,,,Closed,1704186494000,Finance                                           
ECC-Information Request,,,,Closed,1704186498000,ECC                                               
ECC-Information Request,,,,Closed,1704186503000,ECC                                               
ECC-Information Request,,,,Closed,1704186515000,ECC                                               
TRS-Parking Complaint,Johns Hopkins Homewood,Northern,14,Closed,1704186568000,Transportation                                    
WW-Sewer Overflow,Morrell Park,Southern,10,Closed,1704186570000,Water Wastewater                                  
BGE-StLight(s) Out,Cheswolde,Northwestern,5,Closed,1704186583000,BGE                                               
TRM-StLight Pole Access Cover/Plate Missing,Glen Oaks,Northeastern,4,Closed,1704186642000,Transportation                                    
SW-City Trash Can or Recycling Cart Concern,Medfield,Northern,7,Closed,1704186592000,Solid Waste                                       
SW-City Trash Can or Recycling Cart Concern,Medfield,Northern,7,Closed,1704186607000,Solid Waste                                       
ECC-Information Request,,,,Closed,1704186735000,ECC                                               
DPW-Calendar or Water Quality Report Request,New Northwood,Northeastern,4,Closed,1704186746000,Public Works                                      
ECC-Information Request,,,,Closed,1704186689000,ECC                                               
WW-Sewer Water In Basement,Fallstaff,Northwestern,5,Closed,1704186750000,Water Wastewater                                  
ECC-Information Request,,,,Closed,1704186692000,ECC                                               
ECC-Information Request,,,,Closed,1704186752000,ECC                                               
ECC-Information Request,,,,Closed,1704186764000,ECC                                               
ECC-Information Request,,,,Closed,1704186809000,ECC                                               
TRT-Traffic Signal Repairs,Ramblewood,Northeastern,4,Closed,1704186809000,Transportation                                    
SW-Christmas Tree Removal,Kenilworth Park,Northeastern,4,Closed,1704186791000,Solid Waste                                       
TRS-Parking Complaint,Ellwood Park/Monument,Southeastern,13,Closed,1704186798000,Transportation                                    
ECC-Information Request,,,,Closed,1704186841000,ECC                                               
SW-City Trash Can or Recycling Cart Concern,Kernewood,Northern,4,Closed,1704186904000,Solid Waste                                       
ECC-Information Request,,,,Closed,1704186885000,ECC                                               
ECC-Information Request,,,,Closed,1704186886000,ECC                                               
ECC-Information Request,,,,Closed,1704188028000,ECC                                               
WW-Water Leak (Exterior),Rosemont East,Northeastern,2,Closed,1704181519000,Water Wastewater                                  
ECC-Miscellaneous Request,Union Square,Southwestern,9,Closed,1704181674000,ECC                                               
TRS-Parking Complaint,New Northwood,Northeastern,4,Closed,1704180256000,Transportation                                    
SW-Mixed Refuse,Homeland,Northern,4,Closed,1704180791000,Solid Waste                                       
HCD-Maintenance Structure,Canton,Southeastern,1,Closed,1704187216000,Housing                                           
SW-Public (Corner) Trash Can Issue,Waverly,Northern,14,Closed,1704181041000,Solid Waste                                       
SW-Mixed Refuse,O'Donnell Heights,Southeastern,1,Closed,1704188192000,Solid Waste                                       
TRS-48 Hour Parking/Abandoned Vehicle,Winston-Govans,Northern,4,Closed,1704187262000,Transportation                                    
TRS-Parking Complaint,Locust Point,Southern,11,Closed,1704187526000,Transportation                                    
SW-Mixed Refuse,Remington,Northern,12,Closed,1704187537000,Solid Waste                                       
HCD-Sanitation Property,Highlandtown,Southeastern,2,Closed,1704188128000,Housing                                           
ECC-Information Request,,,,Closed,1704187980000,ECC                                               
ECC-Escalation,Glen,Northwestern,5,Closed,1704187625000,Transportation                                    
HLTH-Animal Dead Animal Pickup-Wildlife or Stray,Upper Fells Point,Central,1,Closed,1704187663000,Health                                            
WW-Water Leak (Exterior),Mount Washington,Northwestern,5,Closed,1704187670000,Water Wastewater                                  
ECC-Information Request,,,,Closed,1704187699000,ECC                                               
ECC-Information Request,,,,Closed,1704187691000,ECC                                               
TRS-48 Hour Parking/Abandoned Vehicle,Canton,Southeastern,1,Closed,1704189923000,Transportation                                    
ECC-Information Request,,,,Closed,1704187714000,ECC                                               
ECC-Information Request,,,,Closed,1704188290000,ECC                                               
TRS-48 Hour Parking/Abandoned Vehicle,Northwest Community Action,Western,9,Closed,1704187717000,Transportation                                    
ECC-Information Request,,,,Closed,1704187726000,ECC                                               
DPW-Calendar or Water Quality Report Request,Loch Raven,Northeastern,4,Closed,1704187917000,Public Works                                      
WW-Sewer Water In Basement,Wilhelm Park,Southern,10,Closed,1704187836000,Water Wastewater                                  
WW-Water Leak (Exterior),,,,Closed (Duplicate),1704187850000,Water Wastewater                                  
SW-City Trash Can or Recycling Cart Concern,Dolfield,Northwestern,6,Closed,1704187830000,Solid Waste                                       
SW-Dirty Alley,Milton-Montford,Southeastern,13,Closed,1704187855000,Solid Waste                                       
ECC-Information Request,,,,Closed,1704187883000,ECC                                               
ECC-Escalation,Barclay,Eastern,12,Closed,1704187930000,Water Wastewater                                  
SW-City Trash Can or Recycling Cart Lost or Stolen,Milton-Montford,Southeastern,13,Closed,1704187941000,Solid Waste                                       
WW-Water Leak (Exterior),,,,Closed,1704187513000,Water Wastewater                                  
ECC-Information Request,,,,Closed,1704187947000,ECC                                               
TR-Escalation,,,,Closed,1704187953000,Transportation                                    
BGE-StLight(s) Out,,,,Closed,1704187998000,BGE                                               
FCCS-Refunds,West Hills,Southwestern,8,Closed,1704188005000,Finance                                           
HLTH-Animal Attack Against Human,Brewers Hill,Southeastern,1,Closed,1704187992000,Health                                            
HLTH-Animal Inspection/Follow-up,Broening Manor,Southeastern,1,Closed,1704188007000,Health                                            
SW-Dirty Alley,Penrose/Fayette Street Outreach,Southwestern,9,Closed,1704188009000,Solid Waste                                       
HCD-Maintenance Structure,Penn North,Western,7,Closed,1704189431000,Housing                                           
HCD-Sanitation Property,Penrose/Fayette Street Outreach,Southwestern,9,Closed,1704188047000,Housing                                           
ECC-Information Request,,,,Closed,1704188012000,ECC                                               
SW-Community Pitch-In,Belair-Edison,Eastern,13,Closed,1704188046000,Solid Waste                                       
ECC-Information Request,,,,Closed,1704188161000,ECC                                               
ECC-Information Request,,,,Closed,1704187138000,ECC                                               
SW-Dirty Alley,Fallstaff,Northwestern,5,Closed,1704188170000,Solid Waste                                       
SW-Bulk Special,Cross Country,Northwestern,5,Closed,1704188194000,Solid Waste                                       
ECC-Information Request,,,,Closed,1704188290000,ECC                                               
SW-Bulk Scheduled-Weekday,McElderry Park,Southeastern,13,Closed,1704188765000,Solid Waste                                       
ECC-Information Request,,,,Closed,1704188249000,ECC                                               
SW-Dirty Alley,Mondawmin,Western,7,Closed,1704188297000,Solid Waste                                       
HCD-Illegal Dumping,Bridgeview/Greenlawn,Western,9,Closed (Duplicate),1704188569000,Housing                                           
ECC-Information Request,,,,Closed,1704188283000,ECC                                               
ECC-Information Request,,,,Closed,1704188329000,ECC                                               
ECC-Vehicle Look Up,Dunbar-Broadway,Central,12,Closed,1704188385000,ECC                                               
ECC-Information Request,,,,Closed,1704188372000,ECC                                               
TRT-Traffic Calming,Locust Point,Southern,11,Open,1704188444000,Transportation                                    
SW-Bulk Scheduled-Saturday,Loch Raven,Northeastern,3,Closed,1704188451000,Solid Waste                                       
TRM-Street Repairs,Patterson Place,Southeastern,13,Closed,1704188456000,Transportation                                    
ECC-Information Request,,,,Closed,1704188458000,ECC                                               
TRT-Traffic Calming,Locust Point,Southern,11,Open (Duplicate),1704188477000,Transportation                                    
ECC-Information Request,,,,Closed,1704188485000,ECC                                               
TRT-Traffic Calming,Locust Point,Southern,11,Open (Duplicate),1704188486000,Transportation                                    
WW-Storm Water In Basement,Coldstream Homestead Montebello,Eastern,14,Closed,1704188546000,Water Wastewater                                  
ECC-Information Request,Hamilton,Northeastern,2,Closed,1704188501000,ECC                                               
ECC-Information Request,,,,Closed,1704188576000,ECC                                               
ECC-Information Request,,,,Closed,1704188586000,ECC                                               
SW-Bulk Scheduled-Weekday,Winchester,Western,9,Closed,1704188591000,Solid Waste                                       
HLTH-Animal In Danger/Injured/Abused/Neglected,Frankford,Northeastern,2,Closed,1704188181000,Health                                            
ECC-Escalation,,,,Closed,1704188533000,Water Wastewater                                  
ECC-Information Request,,,,Closed,1704188754000,ECC                                               
SW-Dirty Alley,Mondawmin,Western,7,Closed,1704187875000,Solid Waste                                       
ECC-Information Request,Remington,Northern,14,Closed,1704188763000,ECC                                               
ECC-Vehicle Look Up,Central Park Heights,Northern,6,Closed,1704188724000,ECC                                               
SW-Graffiti Removal,Bridgeview/Greenlawn,Western,9,Closed (Duplicate),1704188347000,Solid Waste                                       
ECC-Vehicle Look Up,Upton,Western,11,Closed,1704190145000,ECC                                               
ECC-Information Request,Sandtown-Winchester,Western,7,Closed,1704188774000,ECC                                               
ECC-Information Request,,,,Closed,1704188812000,ECC                                               
ECC-Escalation,,,,Closed,1704188783000,Water Wastewater                                  
ECC-Information Request,,,,Closed,1704187272000,ECC                                               
HCD-Illegal Dumping,Harwood,Northern,12,Closed,1704188790000,Housing                                           
ECC-Information Request,Millhill,Southwestern,9,Closed,1704188825000,ECC                                               
ECC-Vehicle Look Up,Greektown,Southeastern,1,Closed,1704188834000,ECC                                               
HLTH-Animal Dead Animal Pickup-Wildlife or Stray,Upper Fells Point,Central,1,Closed,1704188794000,Health                                            
SW-Public (Corner) Trash Can Issue,Sandtown-Winchester,Western,9,Closed,1704188837000,Solid Waste                                       
SW-Bulk Scheduled-Weekday,Pleasant View Gardens,Central,12,Closed,1704188839000,Solid Waste                                       
ECC-Information Request,,,,Closed,1704188886000,ECC                                               
ECC-Information Request,,,,Closed,1704188859000,ECC                                               
ECC-Information Request,,,,Closed,1704188462000,ECC                                               
FIR-Fire Code Inspection Request,Graceland Park,Southeastern,1,Closed,1704188888000,Fire Department                                   
HCD-Systems,Carrollton Ridge,Southwestern,9,Closed,1704188877000,Housing                                           
HCD-Sanitation Property,Highlandtown,Southeastern,1,Closed,1704189067000,Housing                                           
ECC-Information Request,,,,Closed,1704188968000,ECC                                               
ECC-Information Request,,,,Closed,1704189377000,ECC                                               
SW-City Trash Can or Recycling Cart Concern,Northwest Community Action,Northwestern,9,Closed,1704188963000,Solid Waste                                       
HCD-Abandoned Vehicle,Brooklyn,Southern,10,Closed,1704189097000,Housing                                           
ECC-Information Request,,,,Closed,1704188997000,ECC                                               
ECC-Information Request,Allendale,Southwestern,8,Closed,1704189021000,ECC                                               
ECC-Information Request,,,,Closed,1704187008000,ECC                                               
ECC-Information Request,,,,Closed,1704186977000,ECC                                               
ECC-Escalation,,,,Closed,1704189018000,Water Wastewater                                  
ECC-Information Request,Franklin Square,Southwestern,9,Closed,1704189034000,ECC                                               
SW-Recycling,Towanda-Grantley,Northern,6,Closed,1704187038000,Solid Waste                                       
TRS-48 Hour Parking/Abandoned Vehicle,Mondawmin,Western,7,Closed,1704189040000,Transportation                                    
DPW-Calendar or Water Quality Report Request,Rognel Heights,Southwestern,8,Closed,1704187070000,Public Works                                      
ECC-Information Request,,,,Closed,1704189748000,ECC                                               
ECC-Information Request,,,,Closed,1704189060000,ECC                                               
HLTH-Animal Police/Fire/Sheriff/City Work Crew Standby,Morgan State University,Northeastern,3,Closed,1704187052000,Health                                            
ECC-Information Request,,,,Closed,1704189049000,ECC                                               
TRS-Parking Complaint,Riverside,Southern,11,Closed,1704187060000,Transportation                                    
TRS-Parking Complaint,South Baltimore,Southern,11,Closed,1704189065000,Transportation                                    
TRS-48 Hour Parking/Abandoned Vehicle,Lucille Park,Northwestern,6,Closed,1704189108000,Transportation                                    
ECC-Vehicle Look Up,Brewers Hill,Southeastern,1,Closed,1704189051000,ECC                                               
TRT-Sign Damaged/Sign Structure,Overlea,Northeastern,2,Closed,1704187090000,Transportation                                    
HLTH-Animal In Danger/Injured/Abused/Neglected,Panway/Braddish Avenue,Western,7,Closed,1704187061000,Health                                            
ECC-Information Request,,,,Closed,1704189066000,ECC                                               
SW-City Trash Can or Recycling Cart Concern,Patterson Place,Southeastern,13,Closed,1704187096000,Solid Waste                                       
SW-Recycling,Overlea,Northeastern,2,Closed,1704187140000,Solid Waste                                       
TRT-Traffic Signal Repairs,Idlewood,Northeastern,4,Closed,1704187112000,Transportation                                    
ECC-Information Request,Broening Manor,Southeastern,1,Closed,1704189365000,ECC                                               
ECC-Information Request,,,,Closed,1704187114000,ECC                                               
ECC-Vehicle Look Up,Seton Business Park,Northwestern,5,Closed,1704189137000,ECC                                               
SW-Appliance (Saturday White Goods),Cedarcroft,Northern,4,Closed,1704187190000,Solid Waste                                       
WW-Water Low Pressure,Bridgeview/Greenlawn,Western,9,Closed,1704189159000,Water Wastewater                                  
ECC-Vehicle Look Up,Purnell,Northwestern,8,Closed,1704187193000,ECC                                               
SW-SIU Clean Up (HCD USE ONLY),Bridgeview/Greenlawn,Western,9,Closed,1704187210000,Solid Waste                                       
ECC-Information Request,,,,Closed,1704187193000,ECC                                               
ECC-Information Request,,,,Closed,1704187448000,ECC                                               
ECC-Information Request,,,,Closed,1704189206000,ECC                                               
ECC-Information Request,,,,Closed,1704190379000,ECC                                               
ECC-Information Request,,,,Closed,1704189179000,ECC                                               
ECC-Information Request,,,,Closed,1704189946000,ECC                                               
ECC-Vehicle Look Up,Glen,Northwestern,5,Closed,1704189219000,ECC                                               
SW-Bulk Scheduled-Weekday,Loch Raven,Northeastern,4,Closed,1704189220000,Solid Waste                                       
ECC-Information Request,,,,Closed,1704187250000,ECC                                               
BGE-StLight(s) Out Rear,Ramblewood,Northeastern,4,Closed,1704187251000,BGE                                               
FOR-Tree Inspection,Oldtown,Central,12,Closed,1704189228000,Recreation & Parks                                
HCD-Sanitation Property,Waltherson,Northeastern,2,Closed,1704187302000,Housing                                           
FIR-Fire Code Inspection Request,Woodmere,Northwestern,5,Closed,1704187257000,Fire Department                                   
ECC-Information Request,,,,Closed,1704187308000,ECC                                               
ECC-Information Request,,,,Closed,1704189296000,ECC                                               
ECC-Information Request,,,,Closed,1704187263000,ECC                                               
TRM-Potholes,Glen,Northwestern,5,Closed,1704189262000,Transportation                                    
ECC-Information Request,,,,Closed,1704187265000,ECC                                               
TRS-48 Hour Parking/Abandoned Vehicle,Glen Oaks,Northeastern,4,Closed,1704189479000,Transportation                                    
ECC-Information Request,,,,Closed,1704189250000,ECC                                               
ECC-Information Request,,,,Closed,1704187352000,ECC                                               
ECC-Vehicle Look Up,Cylburn,Northern,6,Closed,1704189308000,ECC                                               
ECC-Information Request,Better Waverly,Northern,14,Closed,1704187361000,ECC                                               
ECC-Information Request,,,,Closed,1704187400000,ECC                                               
ECC-Information Request,,,,Closed,1704187373000,ECC                                               
FCCS-Refund Check Issues,,,,Closed,1704189302000,Finance                                           
HCD-Illegal Dumping,Penrose/Fayette Street Outreach,Southwestern,9,Closed,1704189326000,Housing                                           
SW-SIU Clean Up (HCD USE ONLY),Lucille Park,Northwestern,6,Closed,1704189307000,Solid Waste                                       
SW-Bulk Scheduled-Saturday,Pleasant View Gardens,Central,12,Closed,1704189333000,Solid Waste                                       
SW-Bulk Scheduled-Weekday,Oakenshawe,Northern,14,Closed,1704187416000,Solid Waste                                       
ECC-Information Request,,,,Closed,1704189810000,ECC                                               
ECC-Information Request,,,,Closed,1704187464000,ECC                                               
TRS-48 Hour Parking/Abandoned Vehicle,Locust Point,Southern,11,Closed,1704187457000,Transportation                                    
ECC-Information Request,,,,Closed,1704187998000,ECC                                               
TRS-48 Hour Parking/Abandoned Vehicle,Waverly,Northern,14,Closed,1704187479000,Transportation                                    
ECC-Vehicle Look Up,Beechfield,Southwestern,8,Closed,1704189392000,ECC                                               
TRS-48 Hour Parking/Abandoned Vehicle,Frankford,Northeastern,2,Closed,1704189373000,Transportation                                    
FIR-Fire Smoke Alarm Installation Request,McElderry Park,Southeastern,13,Closed,1704187462000,Fire Department                                   
WW-Water Water In Basement,,,,Closed,1704189398000,Water Wastewater                                  
ECC-Information Request,,,,Closed,1704189437000,ECC                                               
ECC-Information Request,,,,Closed,1704190313000,ECC                                               
TRS-48 Hour Parking/Abandoned Vehicle,South Baltimore,Southern,11,Closed,1704189453000,Transportation                                    
FCPF-Trial Request-Parking,Downtown,Central,11,Closed,1704189453000,Finance                                           
ECC-Information Request,,,,Closed,1704189504000,ECC                                               
SW-Appliance (Saturday White Goods),Loch Raven,Northeastern,4,Closed,1704189491000,Solid Waste                                       
ECC-Vehicle Look Up,Beechfield,Southwestern,8,Closed,1704189508000,ECC                                               
TRS-48 Hour Parking/Abandoned Vehicle,Remington,Northern,12,Closed,1704189571000,Transportation                                    
HCD-Sanitation Property,Guilford,Northern,14,Closed,1704189545000,Housing                                           
ECC-Information Request,Original Northwood,Northeastern,3,Closed,1704189639000,ECC                                               
SW-Dirty Alley,Washington Village/Pigtown,Southern,10,Closed,1704189708000,Solid Waste                                       
ECC-Information Request,,,,Closed,1704189611000,ECC                                               
TRS-48 Hour Parking/Abandoned Vehicle,Glen Oaks,Northeastern,4,Closed,1704189626000,Transportation                                    
ECC-Information Request,,,,Closed,1704189631000,ECC                                               
ECC-Information Request,,,,Closed,1704189645000,ECC                                               
SW-Dirty Alley,Central Park Heights,Northern,6,Closed,1704189646000,Solid Waste                                       
HCD-Abandoned Vehicle,Brooklyn,Southern,10,Closed,1704189688000,Housing                                           
SW-City Trash Can or Recycling Cart Concern,Hampden,Northern,7,Closed,1704189697000,Solid Waste                                       
ECC-Information Request,Arlington,Northwestern,5,Closed,1704189708000,ECC                                               
TRS-48 Hour Parking/Abandoned Vehicle,Federal Hill,Southern,11,Closed,1704189726000,Transportation                                    
ECC-Vehicle Look Up,Hamilton Hills,Northeastern,3,Closed,1704189728000,ECC                                               
HCD-Illegal Dumping,Belvedere,Northern,4,Closed,1704190009000,Housing                                           
ECC-Information Request,,,,Closed,1704189758000,ECC                                               
BGE-StLight(s) Out,Cross Country,Northwestern,5,Closed,1704189745000,BGE                                               
SW-City Trash Can or Recycling Cart Lost or Stolen,Charles Village,Northern,12,Closed,1704189771000,Solid Waste                                       
ECC-Information Request,,,,Closed,1704189776000,ECC                                               
TRS-48 Hour Parking/Abandoned Vehicle,Remington,Northern,12,Closed,1704189789000,Transportation                                    
ECC-Information Request,,,,Closed,1704189909000,ECC                                               
TTR-Vehicle Removal,Reservoir Hill,Western,7,Closed,1704189811000,Transportation                                    
ECC-Information Request,,,,Closed,1704189881000,ECC                                               
ECC-Information Request,,,,Closed,1704189885000,ECC                                               
ECC-Information Request,,,,Closed,1704189907000,ECC                                               
WW-Water Low Pressure,Canton,Southeastern,1,Closed,1704189942000,Water Wastewater                                  
TRS-48 Hour Parking/Abandoned Vehicle,Federal Hill,Southern,11,Closed,1704189956000,Transportation                                    
ECC-Information Request,,,,Closed,1704189928000,ECC                                               
ECC-Vehicle Look Up,Gay Street,Central,12,Closed,1704190308000,ECC                                               
ECC-Information Request,,,,Closed,1704189933000,ECC                                               
HCD-Systems,Allendale,Southwestern,8,Closed,1704189999000,Housing                                           
ECC-Information Request,,,,Closed,1704190110000,ECC                                               
HCD-Systems,Mount Vernon,Central,12,Closed,1704190014000,Housing                                           
ECC-Escalation,,,,Closed,1704190354000,Water Wastewater                                  
ECC-Vehicle Look Up,Harwood,Northern,12,Closed,1704190030000,ECC                                               
FCPF-Trial Request-Parking,Downtown,Central,11,Closed,1704190036000,Finance                                           
HCD-Sanitation Property,Winchester,Western,9,Closed,1704190076000,Housing                                           
TRS-Parking Complaint,Highlandtown,Southeastern,2,Closed,1704190087000,Transportation                                    
ECC-Information Request,,,,Closed,1704190092000,ECC                                               
WW-Sewer Water In Basement,Frankford,Northeastern,2,Closed,1704190102000,Water Wastewater                                  
TRS-Parking Complaint,Saint Agnes,Southwestern,10,Closed,1704190072000,Transportation                                    
SW-Dirty Street,North Roland Park/Poplar Hill,Northern,5,Closed,1704190114000,Solid Waste                                       
TRS-Parking Complaint,Bolton Hill,Western,11,Closed,1704190119000,Transportation                                    
ECC-Information Request,,,,Closed,1704190166000,ECC                                               
FCPF-Trial Request-Parking,Downtown,Central,11,Closed,1704190170000,Finance                                           
SW-Boarding,Shipley Hill,Southwestern,9,Closed,1704190203000,Solid Waste                                       
SW-Cleaning,Penrose/Fayette Street Outreach,Southwestern,9,Closed,1704190213000,Solid Waste                                       
ECC-Information Request,,,,Closed,1704190216000,ECC                                               
ECC-Information Request,,,,Closed,1704190221000,ECC                                               
ECC-Information Request,,,,Closed,1704190237000,ECC                                               
DPW-Calendar or Water Quality Report Request,Beechfield,Southwestern,8,Closed,1704190252000,Public Works                                      
HCD-Maintenance Structure,Oakenshawe,Northern,14,Closed,1704190238000,Housing                                           
ECC-Information Request,,,,Closed,1704190299000,ECC                                               
WW-Sewer Water In Basement,Coldstream Homestead Montebello,Eastern,14,Closed,1704190240000,Water Wastewater                                  
WW-Water Leak (Exterior),Poppleton,Southwestern,9,Closed,1704190257000,Water Wastewater                                  
ECC-Information Request,,,,Closed,1704190368000,ECC                                               
ECC-Information Request,,,,Closed,1704190373000,ECC                                               
ECC-Information Request,,,,Closed,1704190388000,ECC                                               
HLTH-Animal In Danger/Injured/Abused/Neglected,Curtis Bay,Southern,10,Closed,1704190400000,Health                                            
SW-Appliance (Saturday White Goods),McElderry Park,Southeastern,13,Closed,1704190400000,Solid Waste                                       
ECC-Information Request,,,,Closed,1704190429000,ECC                                               
ECC-Vehicle Look Up,Beverly Hills,Northeastern,3,Closed,1704190408000,ECC                                               
ECC-Information Request,,,,Closed,1704190485000,ECC                                               
SW-City Trash Can or Recycling Cart Concern,McElderry Park,Southeastern,13,Closed,1704190467000,Solid Waste                                       
ECC-Information Request,,,,Closed,1704190412000,ECC                                               
FIR-Fire Code Inspection Request,Mount Vernon,Central,11,Closed,1704190478000,Fire Department                                   
ECC-Information Request,,,,Closed,1704190492000,ECC                                               
ECC-Information Request,,,,Closed,1704190496000,ECC                                               
HLTH-Animal Inspection/Follow-up,Overlea,Northeastern,2,Closed,1704192561000,Health                                            
ECC-Information Request,,,,Closed,1704191242000,ECC                                               
SW-Cleaning,Mosher,Western,9,Closed,1704191404000,Solid Waste                                       
HCD-Sanitation Property,Remington,Northern,12,Closed,1704191798000,Housing                                           
SW-Dirty Alley,Curtis Bay,Southern,10,Closed,1704192190000,Solid Waste                                       
HCD-Rodents,Butchers Hill,Southeastern,13,Closed,1704191195000,Housing                                           
SW-City Trash Can or Recycling Cart Concern,Franklin Square,Southwestern,9,Closed,1704192471000,Solid Waste                                       
SW-Community Pitch-In,Edmondson Village,Southwestern,8,Closed,1704194020000,Solid Waste                                       
SW-Community Pitch-In,Perring Loch,Northeastern,3,Closed,1704193317000,Solid Waste                                       
ECC-Information Request,West Arlington,Northwestern,6,Closed,1704192278000,ECC                                               
ECC-Citizen Complaint or Concern,Callaway-Garrison,Northwestern,6,Closed,1704190506000,Water Wastewater                                  
TRA-Ombudsman Review,Downtown,Central,11,Closed,1704191232000,Transportation                                    
SW-Dirty Alley,Park Circle,Northern,6,Closed,1704192011000,Solid Waste                                       
ECC-Information Request,,,,Closed,1704192117000,ECC                                               
ECC-Information Request,,,,Closed,1704190885000,ECC                                               
TRS-48 Hour Parking/Abandoned Vehicle,Frankford,Northeastern,2,Closed,1704191471000,Transportation                                    
ECC-Information Request,,,,Closed,1704191437000,ECC                                               
FCPF-Trial Request-Red Light,Downtown,Central,11,Closed,1704191627000,Finance                                           
TRS-Parking Complaint,Mount Vernon,Central,12,Closed,1704191969000,Transportation                                    
ECC-Information Request,,,,Closed,1704192002000,ECC                                               
ECC-Information Request,Poppleton,Southwestern,11,Closed,1704191975000,ECC                                               
HCD-Vacant Building,Franklin Square,Southwestern,9,Closed,1704192005000,Housing                                           
ECC-Information Request,,,,Closed,1704192008000,ECC                                               
TRS-48 Hour Parking/Abandoned Vehicle,Walbrook,Northwestern,7,Closed,1704193014000,Transportation                                    
FOR-Broken Branch in Tree,West Arlington,Northwestern,5,Closed,1704191984000,Recreation & Parks                                
ECC-Information Request,,,,Closed,1704191987000,ECC                                               
HCD-Vacant Building,Abell,Northern,12,Closed,1704192020000,Housing                                           
FCPF-Trial Request-Speed Citation,Downtown,Central,11,Closed,1704192020000,Finance                                           
ECC-Information Request,,,,Closed,1704192029000,ECC                                               
HCD-Sanitation Property,Washington Village/Pigtown,Southern,10,Closed,1704192036000,Housing                                           
ECC-Information Request,,,,Closed,1704192055000,ECC                                               
SW-Bulk Scheduled-Weekday,Parkway,Northwestern,7,Closed,1704192077000,Solid Waste                                       
SW-SIU Clean Up (HCD USE ONLY),Orangeville,Eastern,13,Closed,1704192113000,Solid Waste                                       
SW-Rat Rubout,Sharp-Leadenhall,Southern,11,Closed,1704192082000,Solid Waste                                       
ECC-Information Request,,,,Closed,1704192149000,ECC                                               
TRT-Traffic Sign Request,Carrollton Ridge,Southwestern,9,Closed,1704192152000,Transportation                                    
ECC-Information Request,,,,Closed,1704192140000,ECC                                               
ECC-Information Request,,,,Closed,1704192141000,ECC                                               
SW-City Trash Can or Recycling Cart Concern,Reservoir Hill,Western,7,Closed,1704192141000,Solid Waste                                       
SW-Dirty Street,Washington Village/Pigtown,Southern,10,Closed,1704192174000,Solid Waste                                       
HCD-Sanitation Property,Mosher,Western,9,Closed,1704191278000,Housing                                           
SW-City Trash Can or Recycling Cart Concern,Reservoir Hill,Western,7,Closed,1704192181000,Solid Waste                                       
TRS-Parking Complaint,Barre Circle,Southern,10,Closed,1704190822000,Transportation                                    
WW-Sewer Water In Basement,Pen Lucy,Northern,4,Closed,1704192261000,Water Wastewater                                  
SW-Bulk Scheduled-Saturday,Howard Park,Northwestern,8,Closed,1704192237000,Solid Waste                                       
TRS-48 Hour Parking/Abandoned Vehicle,Walbrook,Northwestern,7,Closed,1704193015000,Transportation                                    
ECC-Information Request,,,,Closed,1704191276000,ECC                                               
ECC-Information Request,,,,Closed,1704193871000,ECC                                               
ECC-Information Request,Callaway-Garrison,Northwestern,6,Closed,1704192255000,ECC                                               
WW-Water Leak (Exterior),Medfield,Northern,7,Closed,1704192296000,Water Wastewater                                  
HCD-Vacant Building,Carrollton Ridge,Southwestern,9,Closed,1704194056000,Housing                                           
HCD-Maintenance Structure,Montebello,Northeastern,14,Closed,1704192288000,Housing                                           
ECC-Information Request,,,,Closed,1704192490000,ECC                                               
ECC-Information Request,,,,Closed,1704192341000,ECC                                               
ECC-Escalation,,,,Closed,1704192409000,Water Wastewater                                  
SW-SIU Clean Up (HCD USE ONLY),Canton,Southeastern,1,Closed,1704191286000,Solid Waste                                       
ECC-Escalation,,,,Closed,1704192420000,Water Wastewater                                  
FCPF-Trial Request-Red Light,Downtown,Central,11,Closed,1704192427000,Finance                                           
ECC-Information Request,,,,Closed,1704190541000,ECC                                               
ECC-Information Request,Howard Park,Northwestern,8,Closed,1704192428000,ECC                                               
TRS-48 Hour Parking/Abandoned Vehicle,East Arlington,Northwestern,6,Closed,1704192432000,Transportation                                    
ECC-Information Request,,,,Closed,1704192476000,ECC                                               
TRS-48 Hour Parking/Abandoned Vehicle,Walbrook,Northwestern,7,Closed,1704193009000,Transportation                                    
ECC-Vehicle Look Up,Uplands,Southwestern,8,Closed,1704190590000,ECC                                               
HCD-Illegal Dumping,Cylburn,Northern,6,Closed,1704192439000,Housing                                           
ECC-Information Request,,,,Closed,1704190568000,ECC                                               
TRS-Parking Complaint,Berea,Eastern,13,Closed,1704190602000,Transportation                                    
ECC-Information Request,,,,Closed,1704190576000,ECC                                               
TRS-48 Hour Parking/Abandoned Vehicle,Walbrook,Northwestern,7,Closed,1704193027000,Transportation                                    
ECC-Information Request,,,,Closed,1704190577000,ECC                                               
ECC-Information Request,,,,Closed,1704192494000,ECC                                               
SW-Bulk Scheduled-Weekday,North Harford Road,Northeastern,3,Closed,1704190625000,Solid Waste                                       
FIR-Fire Code Inspection Request,South Baltimore,Southern,11,Closed,1704192516000,Fire Department                                   
TRS-48 Hour Parking/Abandoned Vehicle,Glen Oaks,Northeastern,4,Closed,1704190650000,Transportation                                    
SW-Dirty Street,Carroll - Camden Industrial Area,Southern,10,Closed,1704192905000,Solid Waste                                       
ECC-Information Request,,,,Closed,1704190654000,ECC                                               
ECC-Information Request,Morrell Park,Southern,10,Closed,1704190639000,ECC                                               
ECC-Information Request,,,,Closed,1704193049000,ECC                                               
ECC-Information Request,,,,Closed,1704190664000,ECC                                               
SW-Dirty Street,Franklintown Road,Western,9,Closed,1704190639000,Solid Waste                                       
TTR-Vehicle Removal,Waltherson,Northeastern,3,Closed,1704190665000,Transportation                                    
SW-Cleaning,Franklin Square,Southwestern,9,Closed,1704192596000,Solid Waste                                       
SW-Cleaning,Franklin Square,Southwestern,9,Closed,1704192607000,Solid Waste                                       
TTR-Vehicle Removal,Cylburn,Northern,6,Closed,1704193205000,Transportation                                    
SW-City Trash Can or Recycling Cart Concern,Edmondson Village,Southwestern,8,Closed,1704190737000,Solid Waste                                       
ECC-Information Request,,,,Closed,1704190698000,ECC                                               
ECC-Information Request,,,,Closed,1704190744000,ECC                                               
SW-Christmas Tree Removal,Cylburn,Northern,6,Closed,1704192656000,Solid Waste                                       
ECC-Information Request,,,,Closed,1704190748000,ECC                                               
SW-Dirty Alley,Brooklyn,Southern,10,Closed,1704192664000,Solid Waste                                       
FCPF-Makes Differ,Belair-Edison,Eastern,13,Closed,1704190761000,Finance                                           
ECC-Information Request,,,,Closed,1704192748000,ECC                                               
FCPF-Trial Request-Red Light,Downtown,Central,11,Closed,1704192753000,Finance                                           
SW-Mechanical Street Sweeping,Penrose/Fayette Street Outreach,Southwestern,9,Closed,1704192683000,Solid Waste                                       
TRM-Curb Repair,Howard Park,Northwestern,5,Open,1704192764000,Transportation                                    
TRT-Sign Damaged/Sign Structure,Lakeland,Southern,10,Closed,1704190787000,Transportation                                    
HLTH-Animal Inspection/Follow-up,Brooklyn,Southern,10,Closed,1704192770000,Health                                            
FCPF-Stolen Vehicle/Tags,,,,Closed,1704191099000,Finance                                           
SW-Bulk Scheduled-Weekday,Waltherson,Northeastern,2,Closed,1704192729000,Solid Waste                                       
ECC-Information Request,,,,Closed,1704190839000,ECC                                               
HCD-Maintenance Structure,Sandtown-Winchester,Western,7,Closed,1704190794000,Housing                                           
SW-Mechanical Street Sweeping,Evergreen Lawn,Western,9,Closed,1704192785000,Solid Waste                                       
HCD-Rodents,Penrose/Fayette Street Outreach,Southwestern,9,Closed,1704190864000,Housing                                           
ECC-Information Request,,,,Closed,1704191606000,ECC                                               
HCD-Vacant Building,Mosher,Western,9,Closed,1704190873000,Housing                                           
SW-Dirty Alley,Midtown-Edmondson,Western,9,Closed,1704192741000,Solid Waste                                       
ECC-Information Request,,,,Closed,1704192879000,ECC                                               
SW-Dirty Alley,Curtis Bay,Southern,10,Closed,1704192478000,Solid Waste                                       
WW-Water Leak (Exterior),Penrose/Fayette Street Outreach,Southwestern,9,Closed,1704192880000,Water Wastewater                                  
ECC-Information Request,,,,Closed,1704190931000,ECC                                               
ECC-Information Request,,,,Closed,1704192885000,ECC                                               
TRM-Potholes,Levindale,Northern,6,Closed,1704190932000,Transportation                                    
SW-Recycling,Ednor Gardens-Lakeside,Northeastern,14,Closed,1704190934000,Solid Waste                                       
ECC-Information Request,,,,Closed,1704190984000,ECC                                               
SW-City Trash Can or Recycling Cart Lost or Stolen,Graceland Park,Southeastern,1,Closed,1704190990000,Solid Waste                                       
ECC-Information Request,,,,Closed,1704190940000,ECC                                               
FIR-Fire Smoke Alarm Installation Request,Middle East,Central,12,Closed,1704193564000,Fire Department                                   
HCD-Sanitation Property,Bridgeview/Greenlawn,Western,9,Closed,1704190947000,Housing                                           
SW-Bulk Scheduled-Weekday,Beechfield,Southwestern,8,Closed,1704192938000,Solid Waste                                       
WW-Water Low Pressure,Seton Business Park,Northwestern,5,Closed,1704191002000,Water Wastewater                                  
HCD-Sanitation Property,Westport,Southern,10,Closed,1704192944000,Housing                                           
TRS-48 Hour Parking/Abandoned Vehicle,Middle East,Southeastern,13,Closed,1704192981000,Transportation                                    
HLTH-Animal Stray Held,Easterwood,Western,7,Closed,1704191017000,Health                                            
ECC-Information Request,,,,Closed,1704192954000,ECC                                               
SW-Dirty Alley,Barclay,Eastern,12,Closed,1704191051000,Solid Waste                                       
TRS-48 Hour Parking/Abandoned Vehicle,Walbrook,Northwestern,7,Closed,1704192996000,Transportation                                    
HLTH-Animal Stray Held,Brooklyn,Southern,10,Closed,1704192197000,Health                                            
TRS-48 Hour Parking/Abandoned Vehicle,Walbrook,Northwestern,7,Closed,1704192988000,Transportation                                    
TRS-48 Hour Parking/Abandoned Vehicle,Walbrook,Northwestern,7,Closed,1704192994000,Transportation                                    
TRS-48 Hour Parking/Abandoned Vehicle,Walbrook,Northwestern,7,Closed,1704192995000,Transportation                                    
SW-Recycling,Poppleton,Southwestern,9,Closed,1704191083000,Solid Waste                                       
TRS-48 Hour Parking/Abandoned Vehicle,Walbrook,Northwestern,7,Closed,1704192997000,Transportation                                    
TRS-48 Hour Parking/Abandoned Vehicle,Walbrook,Northwestern,7,Closed,1704192998000,Transportation                                    
TRS-48 Hour Parking/Abandoned Vehicle,Walbrook,Northwestern,7,Closed,1704193011000,Transportation                                    
TRS-Parking Complaint,Cylburn,Northern,6,Closed,1704191124000,Transportation                                    
TRS-48 Hour Parking/Abandoned Vehicle,Walbrook,Northwestern,7,Closed,1704193014000,Transportation                                    
TRS-48 Hour Parking/Abandoned Vehicle,Walbrook,Northwestern,7,Closed,1704193006000,Transportation                                    
TRS-48 Hour Parking/Abandoned Vehicle,Walbrook,Northwestern,7,Closed,1704193014000,Transportation                                    
TRS-48 Hour Parking/Abandoned Vehicle,Walbrook,Northwestern,7,Closed,1704193008000,Transportation                                    
TRS-48 Hour Parking/Abandoned Vehicle,Walbrook,Northwestern,7,Closed,1704193015000,Transportation                                    
ECC-Information Request,,,,Closed,1704191117000,ECC                                               
TRS-48 Hour Parking/Abandoned Vehicle,Walbrook,Northwestern,7,Closed,1704193011000,Transportation                                    
WW-Water Leak (Exterior),Mount Holly,Northwestern,7,Closed,1704193020000,Water Wastewater                                  
TRS-48 Hour Parking/Abandoned Vehicle,Walbrook,Northwestern,7,Closed,1704193025000,Transportation                                    
FCPF-Trial Request-Parking,Downtown,Central,11,Closed,1704193053000,Finance                                           
TRS-48 Hour Parking/Abandoned Vehicle,Walbrook,Northwestern,7,Closed,1704193032000,Transportation                                    
SW-Dirty Alley,East Arlington,Northwestern,6,Closed,1704191189000,Solid Waste                                       
SW-Bulk Scheduled-Weekday,North Harford Road,Northeastern,3,Closed,1704193066000,Solid Waste                                       
TRS-48 Hour Parking/Abandoned Vehicle,Walbrook,Northwestern,7,Closed,1704193038000,Transportation                                    
ECC-Information Request,Belair-Edison,Eastern,13,Closed,1704191203000,ECC                                               
TRS-48 Hour Parking/Abandoned Vehicle,Downtown,Central,11,Closed,1704193040000,Transportation                                    
HCD-Sanitation Property,Baltimore Highlands,Southeastern,2,Closed,1704191206000,Housing                                           
SW-Bulk Scheduled-Weekday,Gwynns Falls,Southwestern,10,Closed,1704191315000,Solid Waste                                       
ECC-Information Request,,,,Closed,1704193089000,ECC                                               
TRS-48 Hour Parking/Abandoned Vehicle,Westfield,Northeastern,3,Closed,1704191296000,Transportation                                    
SW-Dirty Alley,Brooklyn,Southern,10,Closed,1704193154000,Solid Waste                                       
ECC-Information Request,,,,Closed,1704193099000,ECC                                               
ECC-Information Request,,,,Closed,1704193135000,ECC                                               
TRS-Parking Complaint,Patterson Park Neighborhood,Southeastern,1,Closed,1704191578000,Transportation                                    
FIN-City Motor Vehicle Accident,Pulaski Industrial Area,Southeastern,2,New,1704191277000,Finance                                           
SW-Dirty Alley,Middle East,Southeastern,13,Closed,1704193158000,Solid Waste                                       
ECC-Vehicle Look Up,Washington Hill,Central,12,Closed,1704191306000,ECC                                               
SW-Community Pitch-In,Perring Loch,Northeastern,3,Closed,1704193226000,Solid Waste                                       
ECC-Information Request,,,,Closed,1704191341000,ECC                                               
HCD-Vacant Building,Carrollton Ridge,Southwestern,9,Closed,1704193368000,Housing                                           
TRS-Parking Complaint,Medford,Southeastern,1,Closed,1704191313000,Transportation                                    
ECC-Information Request,,,,Closed,1704191341000,ECC                                               
ECC-Information Request,,,,Closed,1704191317000,ECC                                               
FIR-Fire Code Inspection Request,Wilhelm Park,Southwestern,10,Closed,1704193214000,Fire Department                                   
ECC-Information Request,,,,Closed,1704191378000,ECC                                               
TRS-Parking Complaint,Westgate,Southwestern,8,Closed,1704193249000,Transportation                                    
MOHS-Homeless Outreach,Frankford,Northeastern,2,Closed,1704191353000,Mayor's Office                                    
ECC-Escalation,Mid-Govans,Northern,4,New,1704191355000,Recreation & Parks                                
ECC-Information Request,,,,Closed,1704191436000,ECC                                               
HCD-Illegal Dumping,Curtis Bay,Southern,10,Closed (Duplicate),1704191364000,Housing                                           
HCD-Sanitation Property,Forest Park,Northwestern,6,Closed,1704193260000,Housing                                           
ECC-Information Request,,,,Closed,1704193236000,ECC                                               
FIR-Fire Code Inspection Request,Rosemont East,Northeastern,2,Closed,1704191391000,Fire Department                                   
ECC-Miscellaneous Request,Westport,Southern,10,Closed (Transferred),1704192944000,ECC                                               
SW-City Trash Can or Recycling Cart Concern,Washington Village/Pigtown,Southern,10,Closed,1704193280000,Solid Waste                                       
ECC-Escalation,,,,Closed,1704191443000,Water Wastewater                                  
TRM-Debris In Roadway,Ten Hills,Southwestern,8,Closed,1704193338000,Transportation                                    
ECC-Information Request,,,,Closed,1704193285000,ECC                                               
ECC-Information Request,Dorchester,Northwestern,6,Closed,1704191466000,ECC                                               
SW-Dirty Alley,Brooklyn,Southern,10,Closed,1704193352000,Solid Waste                                       
HCD-Illegal Dumping,Curtis Bay,Southern,10,Closed (Duplicate),1704191543000,Housing                                           
SW-City Trash Can or Recycling Cart Lost or Stolen,Homeland,Northern,4,Closed,1704193358000,Solid Waste                                       
ECC-Information Request,,,,Closed,1704191510000,ECC                                               
ECC-Information Request,,,,Closed,1704193370000,ECC                                               
SW-City Trash Can or Recycling Cart Concern,Washington Village/Pigtown,Southern,10,Closed,1704193363000,Solid Waste                                       
WW-Water Leak (Exterior),Harlem Park,Western,9,Closed,1704193435000,Water Wastewater                                  
DPW-Calendar or Water Quality Report Request,Perring Loch,Northeastern,3,Closed,1704193378000,Public Works                                      
ECC-Information Request,Windsor Hills,Northwestern,6,Closed,1704192173000,ECC                                               
SW-Dirty Street,Abell,Northern,14,Closed,1704191542000,Solid Waste                                       
SW-Boarding,Franklin Square,Southwestern,9,Closed,1704192618000,Solid Waste                                       
SW-Bulk Scheduled-Weekday,South Baltimore,Southern,11,Closed,1704191550000,Solid Waste                                       
SW-Community Pitch-In,Perring Loch,Northeastern,3,Closed,1704193392000,Solid Waste                                       
ECC-Information Request,Greenspring,Northern,6,Closed,1704191593000,ECC                                               
ECC-Information Request,,,,Closed,1704193397000,ECC                                               
TRS-48 Hour Parking/Abandoned Vehicle,Frankford,Northeastern,2,Closed,1704191566000,Transportation                                    
FCPF-Trial Request-Red Light,Downtown,Central,11,Closed,1704193401000,Finance                                           
HCD-Maintenance Structure,Franklin Square,Southwestern,9,Closed,1704191596000,Housing                                           
SW-Bulk Scheduled-Saturday,Cedmont,Northeastern,2,Closed,1704191585000,Solid Waste                                       
ECC-Information Request,,,,Closed,1704193402000,ECC                                               
SW-Dirty Alley,Penrose/Fayette Street Outreach,Southwestern,9,Closed,1704191608000,Solid Waste                                       
HCD-Sanitation Property,Waltherson,Northeastern,2,Closed,1704193408000,Housing                                           
TTR-Vehicle Removal,West Arlington,Northwestern,6,Closed,1704191649000,Transportation                                    
SW-City Trash Can or Recycling Cart Concern,Mid-Govans,Northern,4,Closed,1704191591000,Solid Waste                                       
SW-Community Pitch-In,Loch Raven,Northeastern,3,Closed,1704193462000,Solid Waste                                       
ECC-Information Request,,,,Closed,1704193421000,ECC                                               
TRT-Traffic Calming,Downtown,Central,11,Open,1704191656000,Transportation                                    
ECC-Information Request,,,,Closed,1704193472000,ECC                                               
ECC-Information Request,,,,Closed,1704193473000,ECC                                               
SW-Mixed Refuse,Cedonia,Northeastern,2,Closed,1704191674000,Solid Waste                                       
SW-SIU Clean Up (HCD USE ONLY),Curtis Bay,Southern,10,Closed,1704192062000,Solid Waste                                       
ECC-Information Request,,,,Closed,1704193502000,ECC                                               
SW-City Trash Can or Recycling Cart Concern,Mid-Govans,Northern,4,Closed,1704191709000,Solid Waste                                       
TRS-Parking Complaint,Mount Washington,Northwestern,5,Closed,1704193494000,Transportation                                    
TRS-Parking Complaint,Johnston Square,Central,12,Closed,1704191714000,Transportation                                    
TTR-Vehicle Removal,Remington,Northern,12,Closed,1704193514000,Transportation                                    
FCCS-Refunds,Gwynns Falls,Southwestern,10,Closed,1704193515000,Finance                                           
WW-Water Odor/Bad Taste,,,,Closed,1704191720000,Water Wastewater                                  
SW-City Trash Can or Recycling Cart Concern,Franklin Square,Southwestern,9,Closed,1704192404000,Solid Waste                                       
ECC-Information Request,,,,Closed,1704191723000,ECC                                               
ECC-Information Request,,,,Closed,1704191774000,ECC                                               
SW-Recycling,Broadway East,Eastern,12,Closed,1704193598000,Solid Waste                                       
SW-Bulk Scheduled-Weekday,Morrell Park,Southern,10,Closed,1704191776000,Solid Waste                                       
HCD-Illegal Dumping,Belair-Edison,Eastern,2,Closed,1704191787000,Housing                                           
